99.4%,,,,,,,,,,,,,,,,,,,,,,,,,,,,,,,,,,,,,,,,,,,,,,,,,,,,,,,,,,,,,,,,,,,,,,,,,,,,,,,,,,,,,,,,,,,,,,,,,,,,,,,,,,,,,,,,,,,,,,,,
99.0%,,,,,,,,,,,,,,,,,,,,,,,,,,,,,,,,,,,,,,,,,,,,,,,,,,,,,,,,,,,,,,,,,,,,,,,,,,,,,,,,,,,,,,,,,,,,,,,,,,,,,,,,,,,,,,,,,,,,,,,,
98.7%,,,,,,,,,,,,,,,,,,,,,,,,,,,,,,,,,,,,,,,,,,,,,,,,,,,,,,,,,,,,,,,,,,,,,,,,,,,,,,,,,,,,,,,,,,,,,,,,,,,,,,,,,,,,,,,,,,,,,,,,
98.4%,,,,,,,,,,,,,,,,,,,,,,,,,,,,,,,,,,,,,,,,,,,,,,,,,,,,,,,,,,,,,,,,,,,,,,,,,,,,,,,,,,,,,,,,,,,,,,,,,,,,,,,,,,,,,,,,,,,,,,,,
98.1%,,,,,,,,,,,,,,,,,,,,,,,,,,,,,,,,,,,,,,,,,,,,,,,,,,,,,,,,,,,,,,,,,,,,,,,,,,,,,,,,,,,,,,,,,,,,,,,,,,,,,,,,,,,,,,,,,,,,,,,,
97.8%,,,,,,,,,,,,,,,,,,,,,,,,,,,,,,,,,,,,,,,,,,,,,,,,,,,,,,,,,,,,,,,,,,,,,,,,,,,,,,,,,,,,,,,,,,,,,,,,,,,,,,,,,,,,,,,,,,,,,,,,
97.5%,,,,,,,,,,,,,,,,,,,,,,,,,,,,,,,,,,,,,,,,,,,,,,,,,,,,,,,,,,,,,,,,,,,,,,,,,,,,,,,,,,,,,,,,,,,,,,,,,,,,,,,,,,,,,,,,,,,,,,,,
97.2%,,,,,,,,,,,,,,,,,,,,,,,,,,,,,,,,,,,,,,,,,,,,,,,,,,,,,,,,,,,,,,,,,,,,,,,,,,,,,,,,,,,,,,,,,,,,,,,,,,,,,,,,,,,,,,,,,,,,,,,,
96.9%,,,,,,,,,,,,,,,,,,,,,,,,,,,,,,,,,,,,,,,,,,,,,,,,,,,,,,,,,,,,,,,,,,,,,,,,,,,,,,,,,,,,,,,,,,,,,,,,,,,,,,,,,,,,,,,,,,,,,,,,
96.6%,,,,,,,,,,,,,,,,,,,,,,,,,,,,,,,,,,,,,,,,,,,,,,,,,,,,,,,,,,,,,,,,,,,,,,,,,,,,,,,,,,,,,,,,,,,,,,,,,,,,,,,,,,,,,,,,,,,,,,,,
96.2%,,,,,,,,,,,,,,,,,,,,,,,,,,,,,,,,,,,,,,,,,,,,,,,,,,,,,,,,,,,,,,,,,,,,,,,,,,,,,,,,,,,,,,,,,,,,,,,,,,,,,,,,,,,,,,,,,,,,,,,,
95.9%,,,,,,,,,,,,,,,,,,,,,,,,,,,,,,,,,,,,,,,,,,,,,,,,,,,,,,,,,,,,,,,,,,,,,,,,,,,,,,,,,,,,,,,,,,,,,,,,,,,,,,,,,,,,,,,,,,,,,,,,
95.6%,,,,,,,,,,,,,,,,,,,,,,,,,,,,,,,,,,,,,,,,,,,,,,,,,,,,,,,,,,,,,,,,,,,,,,,,,,,,,,,,,,,,,,,,,,,,,,,,,,,,,,,,,,,,,,,,,,,,,,,,
95.3%,,,,,,,,,,,,,,,,,,,,,,,,,,,,,,,,,,,,,,,,,,,,,,,,,,,,,,,,,,,,,,,,,,,,,,,,,,,,,,,,,,,,,,,,,,,,,,,,,,,,,,,,,,,,,,,,,,,,,,,,
95.0%,,,,,,,,,,,,,,,,,,,,,,,,,,,,,,,,,,,,,,,,,,,,,,,,,,,,,,,,,,,,,,,,,,,,,,,,,,,,,,,,,,,,,,,,,,,,,,,,,,,,,,,,,,,,,,,,,,,,,,,,
94.7%,,,,,,,,,,,,,,,,,,,,,,,,,,,,,,,,,,,,,,,,,,,,,,,,,,,,,,,,,,,,,,,,,,,,,,,,,,,,,,,,,,,,,,,,,,,,,,,,,,,,,,,,,,,,,,,,,,,,,,,,
94.4%,,,,,,,,,,,,,,,,,,,,,,,,,,,,,,,,,,,,,,,,,,,,,,,,,,,,,,,,,,,,,,,,,,,,,,,,,,,,,,,,,,,,,,,,,,,,,,,,,,,,,,,,,,,,,,,,,,,,,,,,
94.1%,,,,,,,,,,,,,,,,,,,,,,,,,,,,,,,,,,,,,,,,,,,,,,,,,,,,,,,,,,,,,,,,,,,,,,,,,,,,,,,,,,,,,,,,,,,,,,,,,,,,,,,,,,,,,,,,,,,,,,,,
93.8%,,,,,,,,,,,,,,,,,,,,,,,,,,,,,,,,,,,,,,,,,,,,,,,,,,,,,,,,,,,,,,,,,,,,,,,,,,,,,,,,,,,,,,,,,,,,,,,,,,,,,,,,,,,,,,,,,,,,,,,,
93.6%,,,,,,,,,,,,,,,,,,,,,,,,,,,,,,,,,,,,,,,,,,,,,,,,,,,,,,,,,,,,,,,,,,,,,,,,,,,,,,,,,,,,,,,,,,,,,,,,,,,,,,,,,,,,,,,,,,,,,,,,
93.3%,1,,,,,,,,,,,,,,,,,,,,,,,,,,,,,,,,,,,,,,,,,,,,,,,,,,,,,,,,,,,,,,,,,,,,,,,,,,,,,,,,,,,,,,,,,,,,,,,,,,,,,,,,,,,,,,,,,,,,,,,
93.0%,1,1,,,,,,,,,,,,,,,,,,,,,,,,,,,,,,,,,,,,,,,,,,,,,,,,,,,,,,,,,,,,,,,,,,,,,,,,,,,,,,,,,,,,,,,,,,,,,,,,,,,,,,,,,,,,,,,,,,,,,,
92.7%,1,1,1,,,,,,,,,,,,,,,,,,,,,,,,,,,,,,,,,,,,,,,,,,,,,,,,,,,,,,,,,,,,,,,,,,,,,,,,,,,,,,,,,,,,,,,,,,,,,,,,,,,,,,,,,,,,,,,,,,,,,
92.4%,1,1,1,1,,,,,,,,,,,,,,,,,,,,,,,,,,,,,,,,,,,,,,,,,,,,,,,,,,,,,,,,,,,,,,,,,,,,,,,,,,,,,,,,,,,,,,,,,,,,,,,,,,,,,,,,,,,,,,,,,,,,
92.1%,2,1,1,1,1,,,,,,,,,,,,,,,,,,,,,,,,,,,,,,,,,,,,,,,,,,,,,,,,,,,,,,,,,,,,,,,,,,,,,,,,,,,,,,,,,,,,,,,,,,,,,,,,,,,,,,,,,,,,,,,,,,,
91.8%,2,2,1,1,1,1,,,,,,,,,,,,,,,,,,,,,,,,,,,,,,,,,,,,,,,,,,,,,,,,,,,,,,,,,,,,,,,,,,,,,,,,,,,,,,,,,,,,,,,,,,,,,,,,,,,,,,,,,,,,,,,,,,
91.5%,2,2,2,1,1,1,,,,,,,,,,,,,,,,,,,,,,,,,,,,,,,,,,,,,,,,,,,,,,,,,,,,,,,,,,,,,,,,,,,,,,,,,,,,,,,,,,,,,,,,,,,,,,,,,,,,,,,,,,,,,,,,,,
91.2%,3,2,2,2,1,1,1,,,,,,,,,,,,,,,,,,,,,,,,,,,,,,,,,,,,,,,,,,,,,,,,,,,,,,,,,,,,,,,,,,,,,,,,,,,,,,,,,,,,,,,,,,,,,,,,,,,,,,,,,,,,,,,,,
91.0%,3,3,2,2,2,1,1,1,,,,,,,,,,,,,,,,,,,,,,,,,,,,,,,,,,,,,,,,,,,,,,,,,,,,,,,,,,,,,,,,,,,,,,,,,,,,,,,,,,,,,,,,,,,,,,,,,,,,,,,,,,,,,,,,
90.7%,3,3,3,2,2,2,1,1,1,,,,,,,,,,,,,,,,,,,,,,,,,,,,,,,,,,,,,,,,,,,,,,,,,,,,,,,,,,,,,,,,,,,,,,,,,,,,,,,,,,,,,,,,,,,,,,,,,,,,,,,,,,,,,,,
90.4%,3,3,3,3,2,2,2,1,1,1,,,,,,,,,,,,,,,,,,,,,,,,,,,,,,,,,,,,,,,,,,,,,,,,,,,,,,,,,,,,,,,,,,,,,,,,,,,,,,,,,,,,,,,,,,,,,,,,,,,,,,,,,,,,,,
90.1%,4,3,3,3,3,2,2,2,1,1,1,,,,,,,,,,,,,,,,,,,,,,,,,,,,,,,,,,,,,,,,,,,,,,,,,,,,,,,,,,,,,,,,,,,,,,,,,,,,,,,,,,,,,,,,,,,,,,,,,,,,,,,,,,,,,
89.8%,4,4,3,3,3,3,2,2,2,1,1,1,,,,,,,,,,,,,,,,,,,,,,,,,,,,,,,,,,,,,,,,,,,,,,,,,,,,,,,,,,,,,,,,,,,,,,,,,,,,,,,,,,,,,,,,,,,,,,,,,,,,,,,,,,,,
89.6%,4,4,4,3,3,3,3,2,2,2,1,1,1,,,,,,,,,,,,,,,,,,,,,,,,,,,,,,,,,,,,,,,,,,,,,,,,,,,,,,,,,,,,,,,,,,,,,,,,,,,,,,,,,,,,,,,,,,,,,,,,,,,,,,,,,,,
89.3%,5,4,4,4,3,3,3,3,2,2,2,1,1,1,,,,,,,,,,,,,,,,,,,,,,,,,,,,,,,,,,,,,,,,,,,,,,,,,,,,,,,,,,,,,,,,,,,,,,,,,,,,,,,,,,,,,,,,,,,,,,,,,,,,,,,,,,
89.0%,5,5,4,4,4,3,3,3,3,2,2,2,1,1,1,,,,,,,,,,,,,,,,,,,,,,,,,,,,,,,,,,,,,,,,,,,,,,,,,,,,,,,,,,,,,,,,,,,,,,,,,,,,,,,,,,,,,,,,,,,,,,,,,,,,,,,,,
88.7%,5,5,5,4,4,4,3,3,3,3,2,2,2,1,1,1,,,,,,,,,,,,,,,,,,,,,,,,,,,,,,,,,,,,,,,,,,,,,,,,,,,,,,,,,,,,,,,,,,,,,,,,,,,,,,,,,,,,,,,,,,,,,,,,,,,,,,,,
88.5%,5,5,5,5,4,4,4,3,3,3,2,2,2,2,1,1,1,,,,,,,,,,,,,,,,,,,,,,,,,,,,,,,,,,,,,,,,,,,,,,,,,,,,,,,,,,,,,,,,,,,,,,,,,,,,,,,,,,,,,,,,,,,,,,,,,,,,,,,
88.2%,6,5,5,5,5,4,4,4,3,3,3,2,2,2,2,1,1,1,,,,,,,,,,,,,,,,,,,,,,,,,,,,,,,,,,,,,,,,,,,,,,,,,,,,,,,,,,,,,,,,,,,,,,,,,,,,,,,,,,,,,,,,,,,,,,,,,,,,,,
87.9%,6,6,5,5,5,5,4,4,4,3,3,3,2,2,2,2,1,1,1,,,,,,,,,,,,,,,,,,,,,,,,,,,,,,,,,,,,,,,,,,,,,,,,,,,,,,,,,,,,,,,,,,,,,,,,,,,,,,,,,,,,,,,,,,,,,,,,,,,,,
87.7%,6,6,6,5,5,5,5,4,4,4,3,3,3,2,2,2,1,1,1,1,,,,,,,,,,,,,,,,,,,,,,,,,,,,,,,,,,,,,,,,,,,,,,,,,,,,,,,,,,,,,,,,,,,,,,,,,,,,,,,,,,,,,,,,,,,,,,,,,,,,
87.4%,7,6,6,6,5,5,5,5,4,4,4,3,3,3,2,2,2,1,1,1,1,,,,,,,,,,,,,,,,,,,,,,,,,,,,,,,,,,,,,,,,,,,,,,,,,,,,,,,,,,,,,,,,,,,,,,,,,,,,,,,,,,,,,,,,,,,,,,,,,,,
87.1%,7,7,6,6,6,5,5,5,5,4,4,4,3,3,3,2,2,2,1,1,1,,,,,,,,,,,,,,,,,,,,,,,,,,,,,,,,,,,,,,,,,,,,,,,,,,,,,,,,,,,,,,,,,,,,,,,,,,,,,,,,,,,,,,,,,,,,,,,,,,,
86.8%,7,7,7,6,6,6,5,5,5,5,4,4,4,3,3,3,2,2,2,1,1,1,,,,,,,,,,,,,,,,,,,,,,,,,,,,,,,,,,,,,,,,,,,,,,,,,,,,,,,,,,,,,,,,,,,,,,,,,,,,,,,,,,,,,,,,,,,,,,,,,,
86.6%,7,7,7,7,6,6,6,5,5,5,5,4,4,4,3,3,3,2,2,2,1,1,1,,,,,,,,,,,,,,,,,,,,,,,,,,,,,,,,,,,,,,,,,,,,,,,,,,,,,,,,,,,,,,,,,,,,,,,,,,,,,,,,,,,,,,,,,,,,,,,,,
86.3%,8,7,7,7,6,6,6,6,5,5,5,4,4,4,4,3,3,3,2,2,2,1,1,1,,,,,,,,,,,,,,,,,,,,,,,,,,,,,,,,,,,,,,,,,,,,,,,,,,,,,,,,,,,,,,,,,,,,,,,,,,,,,,,,,,,,,,,,,,,,,,,,
86.1%,8,8,7,7,7,6,6,6,6,5,5,5,4,4,4,4,3,3,3,2,2,2,1,1,1,,,,,,,,,,,,,,,,,,,,,,,,,,,,,,,,,,,,,,,,,,,,,,,,,,,,,,,,,,,,,,,,,,,,,,,,,,,,,,,,,,,,,,,,,,,,,,,
85.8%,8,8,8,7,7,7,6,6,6,6,5,5,5,4,4,4,4,3,3,3,2,2,2,1,1,1,,,,,,,,,,,,,,,,,,,,,,,,,,,,,,,,,,,,,,,,,,,,,,,,,,,,,,,,,,,,,,,,,,,,,,,,,,,,,,,,,,,,,,,,,,,,,,
85.5%,8,8,8,8,7,7,7,6,6,6,6,5,5,5,4,4,4,4,3,3,3,2,2,2,1,1,1,,,,,,,,,,,,,,,,,,,,,,,,,,,,,,,,,,,,,,,,,,,,,,,,,,,,,,,,,,,,,,,,,,,,,,,,,,,,,,,,,,,,,,,,,,,,,
85.3%,9,8,8,8,8,7,7,7,6,6,6,6,5,5,5,4,4,4,4,3,3,3,2,2,2,1,1,1,,,,,,,,,,,,,,,,,,,,,,,,,,,,,,,,,,,,,,,,,,,,,,,,,,,,,,,,,,,,,,,,,,,,,,,,,,,,,,,,,,,,,,,,,,,,
85.0%,9,9,8,8,8,8,7,7,7,6,6,6,6,5,5,5,4,4,4,4,3,3,3,2,2,2,1,1,1,,,,,,,,,,,,,,,,,,,,,,,,,,,,,,,,,,,,,,,,,,,,,,,,,,,,,,,,,,,,,,,,,,,,,,,,,,,,,,,,,,,,,,,,,,,
84.8%,9,9,9,8,8,8,8,7,7,7,6,6,6,6,5,5,5,4,4,4,4,3,3,3,2,2,2,1,1,1,,,,,,,,,,,,,,,,,,,,,,,,,,,,,,,,,,,,,,,,,,,,,,,,,,,,,,,,,,,,,,,,,,,,,,,,,,,,,,,,,,,,,,,,,,
84.5%,9,9,9,9,8,8,8,8,7,7,7,6,6,6,6,5,5,5,4,4,4,3,3,3,3,2,2,2,1,1,1,,,,,,,,,,,,,,,,,,,,,,,,,,,,,,,,,,,,,,,,,,,,,,,,,,,,,,,,,,,,,,,,,,,,,,,,,,,,,,,,,,,,,,,,,
84.3%,10,9,9,9,9,8,8,8,8,7,7,7,6,6,6,6,5,5,5,4,4,4,3,3,3,3,2,2,2,1,1,1,,,,,,,,,,,,,,,,,,,,,,,,,,,,,,,,,,,,,,,,,,,,,,,,,,,,,,,,,,,,,,,,,,,,,,,,,,,,,,,,,,,,,,,,
84.0%,10,10,9,9,9,9,8,8,8,8,7,7,7,6,6,6,6,5,5,5,4,4,4,3,3,3,3,2,2,2,1,1,1,,,,,,,,,,,,,,,,,,,,,,,,,,,,,,,,,,,,,,,,,,,,,,,,,,,,,,,,,,,,,,,,,,,,,,,,,,,,,,,,,,,,,,,
83.7%,10,10,10,9,9,9,9,8,8,8,8,7,7,7,6,6,6,6,5,5,5,4,4,4,3,3,3,2,2,2,2,1,1,1,,,,,,,,,,,,,,,,,,,,,,,,,,,,,,,,,,,,,,,,,,,,,,,,,,,,,,,,,,,,,,,,,,,,,,,,,,,,,,,,,,,,,,
83.5%,10,10,10,10,9,9,9,9,8,8,8,8,7,7,7,6,6,6,6,5,5,5,4,4,4,3,3,3,2,2,2,1,1,1,,,,,,,,,,,,,,,,,,,,,,,,,,,,,,,,,,,,,,,,,,,,,,,,,,,,,,,,,,,,,,,,,,,,,,,,,,,,,,,,,,,,,,
83.2%,11,10,10,10,10,9,9,9,9,8,8,8,8,7,7,7,6,6,6,6,5,5,5,4,4,4,3,3,3,2,2,2,1,1,1,,,,,,,,,,,,,,,,,,,,,,,,,,,,,,,,,,,,,,,,,,,,,,,,,,,,,,,,,,,,,,,,,,,,,,,,,,,,,,,,,,,,,
83.0%,11,11,10,10,10,10,9,9,9,9,8,8,8,8,7,7,7,6,6,6,6,5,5,5,4,4,4,3,3,3,2,2,2,1,1,1,,,,,,,,,,,,,,,,,,,,,,,,,,,,,,,,,,,,,,,,,,,,,,,,,,,,,,,,,,,,,,,,,,,,,,,,,,,,,,,,,,,,
82.7%,11,11,11,10,10,10,10,9,9,9,9,8,8,8,8,7,7,7,6,6,6,6,5,5,5,4,4,4,3,3,3,2,2,2,1,1,1,,,,,,,,,,,,,,,,,,,,,,,,,,,,,,,,,,,,,,,,,,,,,,,,,,,,,,,,,,,,,,,,,,,,,,,,,,,,,,,,,,,
82.5%,11,11,11,11,10,10,10,10,9,9,9,9,8,8,8,8,7,7,7,6,6,6,5,5,5,5,4,4,4,3,3,3,2,2,2,1,1,1,,,,,,,,,,,,,,,,,,,,,,,,,,,,,,,,,,,,,,,,,,,,,,,,,,,,,,,,,,,,,,,,,,,,,,,,,,,,,,,,,,
82.2%,12,11,11,11,11,10,10,10,10,9,9,9,9,8,8,8,8,7,7,7,6,6,6,5,5,5,5,4,4,4,3,3,3,2,2,2,1,1,1,,,,,,,,,,,,,,,,,,,,,,,,,,,,,,,,,,,,,,,,,,,,,,,,,,,,,,,,,,,,,,,,,,,,,,,,,,,,,,,,,
82.0%,12,12,11,11,11,11,10,10,10,10,9,9,9,9,8,8,8,7,7,7,7,6,6,6,5,5,5,5,4,4,4,3,3,3,2,2,2,1,1,1,,,,,,,,,,,,,,,,,,,,,,,,,,,,,,,,,,,,,,,,,,,,,,,,,,,,,,,,,,,,,,,,,,,,,,,,,,,,,,,,
81.8%,12,12,12,11,11,11,11,10,10,10,10,9,9,9,9,8,8,8,7,7,7,7,6,6,6,5,5,5,5,4,4,4,3,3,3,2,2,2,1,1,1,,,,,,,,,,,,,,,,,,,,,,,,,,,,,,,,,,,,,,,,,,,,,,,,,,,,,,,,,,,,,,,,,,,,,,,,,,,,,,,
81.5%,12,12,12,12,11,11,11,11,10,10,10,10,9,9,9,9,8,8,8,7,7,7,7,6,6,6,5,5,5,5,4,4,4,3,3,3,2,2,2,1,1,1,,,,,,,,,,,,,,,,,,,,,,,,,,,,,,,,,,,,,,,,,,,,,,,,,,,,,,,,,,,,,,,,,,,,,,,,,,,,,,
81.3%,13,12,12,12,12,11,11,11,11,10,10,10,10,9,9,9,9,8,8,8,7,7,7,7,6,6,6,5,5,5,5,4,4,4,3,3,3,2,2,2,1,1,1,,,,,,,,,,,,,,,,,,,,,,,,,,,,,,,,,,,,,,,,,,,,,,,,,,,,,,,,,,,,,,,,,,,,,,,,,,,,,
81.0%,13,13,12,12,12,12,11,11,11,11,10,10,10,10,9,9,9,9,8,8,8,7,7,7,7,6,6,6,5,5,5,5,4,4,4,3,3,3,2,2,2,1,1,1,,,,,,,,,,,,,,,,,,,,,,,,,,,,,,,,,,,,,,,,,,,,,,,,,,,,,,,,,,,,,,,,,,,,,,,,,,,,
80.8%,13,13,13,12,12,12,12,11,11,11,11,10,10,10,10,9,9,9,9,8,8,8,7,7,7,7,6,6,6,5,5,5,4,4,4,4,3,3,3,2,2,2,1,1,1,,,,,,,,,,,,,,,,,,,,,,,,,,,,,,,,,,,,,,,,,,,,,,,,,,,,,,,,,,,,,,,,,,,,,,,,,,,
80.6%,13,13,13,13,12,12,12,12,11,11,11,11,10,10,10,10,9,9,9,9,8,8,8,7,7,7,7,6,6,6,5,5,5,4,4,4,4,3,3,3,2,2,2,1,1,1,,,,,,,,,,,,,,,,,,,,,,,,,,,,,,,,,,,,,,,,,,,,,,,,,,,,,,,,,,,,,,,,,,,,,,,,,,
80.3%,14,13,13,13,13,12,12,12,12,11,11,11,11,10,10,10,10,9,9,9,9,8,8,8,7,7,7,7,6,6,6,5,5,5,4,4,4,4,3,3,3,2,2,2,1,1,1,,,,,,,,,,,,,,,,,,,,,,,,,,,,,,,,,,,,,,,,,,,,,,,,,,,,,,,,,,,,,,,,,,,,,,,,,
80.1%,14,14,13,13,13,13,12,12,12,12,11,11,11,11,10,10,10,10,9,9,9,9,8,8,8,7,7,7,7,6,6,6,5,5,5,4,4,4,3,3,3,3,2,2,2,1,1,,,,,,,,,,,,,,,,,,,,,,,,,,,,,,,,,,,,,,,,,,,,,,,,,,,,,,,,,,,,,,,,,,,,,,,,,
79.8%,14,14,14,13,13,13,13,12,12,12,12,11,11,11,11,10,10,10,10,9,9,9,9,8,8,8,7,7,7,7,6,6,6,5,5,5,4,4,4,3,3,3,3,2,2,1,1,1,,,,,,,,,,,,,,,,,,,,,,,,,,,,,,,,,,,,,,,,,,,,,,,,,,,,,,,,,,,,,,,,,,,,,,,,
79.6%,14,14,14,14,13,13,13,13,12,12,12,12,11,11,11,11,10,10,10,10,9,9,9,9,8,8,8,7,7,7,7,6,6,6,5,5,5,4,4,4,3,3,3,2,2,2,1,1,1,,,,,,,,,,,,,,,,,,,,,,,,,,,,,,,,,,,,,,,,,,,,,,,,,,,,,,,,,,,,,,,,,,,,,,,
79.4%,15,14,14,14,14,13,13,13,13,12,12,12,12,11,11,11,11,10,10,10,10,9,9,9,9,8,8,8,7,7,7,7,6,6,6,5,5,5,4,4,4,3,3,3,2,2,2,1,1,1,,,,,,,,,,,,,,,,,,,,,,,,,,,,,,,,,,,,,,,,,,,,,,,,,,,,,,,,,,,,,,,,,,,,,,
79.1%,15,15,14,14,14,14,13,13,13,13,12,12,12,12,11,11,11,11,10,10,10,10,9,9,9,9,8,8,8,7,7,7,7,6,6,6,5,5,5,4,4,4,3,3,3,2,2,2,1,1,1,,,,,,,,,,,,,,,,,,,,,,,,,,,,,,,,,,,,,,,,,,,,,,,,,,,,,,,,,,,,,,,,,,,,,
78.9%,15,15,15,14,14,14,14,13,13,13,13,12,12,12,12,11,11,11,11,10,10,10,10,9,9,9,9,8,8,8,7,7,7,7,6,6,6,5,5,5,4,4,4,3,3,3,2,2,2,1,1,1,,,,,,,,,,,,,,,,,,,,,,,,,,,,,,,,,,,,,,,,,,,,,,,,,,,,,,,,,,,,,,,,,,,,
78.7%,15,15,15,15,14,14,14,14,13,13,13,13,12,12,12,12,11,11,11,11,10,10,10,10,9,9,9,9,8,8,8,7,7,7,7,6,6,6,5,5,5,4,4,4,3,3,3,2,2,2,1,1,1,,,,,,,,,,,,,,,,,,,,,,,,,,,,,,,,,,,,,,,,,,,,,,,,,,,,,,,,,,,,,,,,,,,
78.4%,16,15,15,15,15,14,14,14,14,13,13,13,13,12,12,12,12,11,11,11,11,10,10,10,10,9,9,9,9,8,8,8,7,7,7,6,6,6,6,5,5,5,4,4,4,3,3,3,2,2,2,1,1,1,,,,,,,,,,,,,,,,,,,,,,,,,,,,,,,,,,,,,,,,,,,,,,,,,,,,,,,,,,,,,,,,,,
78.2%,16,16,15,15,15,15,14,14,14,14,13,13,13,13,12,12,12,12,11,11,11,11,10,10,10,10,9,9,9,9,8,8,8,7,7,7,6,6,6,6,5,5,5,4,4,4,3,3,3,2,2,2,1,1,1,,,,,,,,,,,,,,,,,,,,,,,,,,,,,,,,,,,,,,,,,,,,,,,,,,,,,,,,,,,,,,,,,
78.0%,16,16,16,15,15,15,15,14,14,14,14,13,13,13,13,12,12,12,12,11,11,11,11,10,10,10,10,9,9,9,9,8,8,8,7,7,7,6,6,6,6,5,5,5,4,4,4,3,3,3,2,2,2,1,1,1,,,,,,,,,,,,,,,,,,,,,,,,,,,,,,,,,,,,,,,,,,,,,,,,,,,,,,,,,,,,,,,,
77.7%,16,16,16,16,15,15,15,15,14,14,14,14,13,13,13,13,12,12,12,12,11,11,11,11,10,10,10,10,9,9,9,8,8,8,8,7,7,7,6,6,6,6,5,5,5,4,4,4,3,3,3,2,2,2,1,1,1,,,,,,,,,,,,,,,,,,,,,,,,,,,,,,,,,,,,,,,,,,,,,,,,,,,,,,,,,,,,,,,
77.5%,16,16,16,16,16,15,15,15,15,14,14,14,14,13,13,13,13,12,12,12,12,11,11,11,11,10,10,10,10,9,9,9,8,8,8,8,7,7,7,6,6,6,6,5,5,5,4,4,4,3,3,3,2,2,2,1,1,1,,,,,,,,,,,,,,,,,,,,,,,,,,,,,,,,,,,,,,,,,,,,,,,,,,,,,,,,,,,,,,
77.3%,17,16,16,16,16,16,15,15,15,15,14,14,14,14,13,13,13,13,12,12,12,12,11,11,11,11,10,10,10,10,9,9,9,8,8,8,8,7,7,7,6,6,6,6,5,5,5,4,4,4,3,3,3,2,2,2,1,1,1,,,,,,,,,,,,,,,,,,,,,,,,,,,,,,,,,,,,,,,,,,,,,,,,,,,,,,,,,,,,,
77.1%,17,17,16,16,16,16,16,15,15,15,15,14,14,14,14,13,13,13,13,12,12,12,12,11,11,11,11,10,10,10,10,9,9,9,8,8,8,8,7,7,7,6,6,6,5,5,5,5,4,4,4,3,3,3,2,2,2,1,1,,,,,,,,,,,,,,,,,,,,,,,,,,,,,,,,,,,,,,,,,,,,,,,,,,,,,,,,,,,,,
76.8%,17,17,17,17,16,16,16,16,15,15,15,15,14,14,14,14,13,13,13,13,12,12,12,12,11,11,11,11,10,10,10,10,9,9,9,8,8,8,8,7,7,7,6,6,6,5,5,5,5,4,4,4,3,3,3,2,2,2,1,1,,,,,,,,,,,,,,,,,,,,,,,,,,,,,,,,,,,,,,,,,,,,,,,,,,,,,,,,,,,,
76.6%,17,17,17,17,17,16,16,16,16,15,15,15,15,14,14,14,14,13,13,13,13,12,12,12,12,11,11,11,11,10,10,10,10,9,9,9,8,8,8,8,7,7,7,6,6,6,5,5,5,5,4,4,4,3,3,3,2,2,1,1,1,,,,,,,,,,,,,,,,,,,,,,,,,,,,,,,,,,,,,,,,,,,,,,,,,,,,,,,,,,,
76.4%,18,17,17,17,17,17,16,16,16,16,15,15,15,15,14,14,14,14,13,13,13,13,12,12,12,12,11,11,11,11,10,10,10,10,9,9,9,8,8,8,8,7,7,7,6,6,6,5,5,5,4,4,4,4,3,3,3,2,2,1,1,1,,,,,,,,,,,,,,,,,,,,,,,,,,,,,,,,,,,,,,,,,,,,,,,,,,,,,,,,,,
76.2%,18,18,17,17,17,17,17,16,16,16,16,15,15,15,15,14,14,14,14,13,13,13,13,12,12,12,12,11,11,11,11,10,10,10,10,9,9,9,8,8,8,8,7,7,7,6,6,6,5,5,5,4,4,4,3,3,3,2,2,2,1,1,1,,,,,,,,,,,,,,,,,,,,,,,,,,,,,,,,,,,,,,,,,,,,,,,,,,,,,,,,,
76.0%,18,18,18,17,17,17,17,17,16,16,16,16,15,15,15,15,14,14,14,14,13,13,13,13,12,12,12,12,11,11,11,11,10,10,10,10,9,9,9,8,8,8,8,7,7,7,6,6,6,5,5,5,4,4,4,3,3,3,2,2,2,1,1,1,,,,,,,,,,,,,,,,,,,,,,,,,,,,,,,,,,,,,,,,,,,,,,,,,,,,,,,,
75.7%,18,18,18,18,17,17,17,17,17,16,16,16,16,15,15,15,15,14,14,14,14,13,13,13,13,12,12,12,12,11,11,11,11,10,10,10,10,9,9,9,8,8,8,8,7,7,7,6,6,6,5,5,5,4,4,4,3,3,3,2,2,2,1,1,1,,,,,,,,,,,,,,,,,,,,,,,,,,,,,,,,,,,,,,,,,,,,,,,,,,,,,,,
75.5%,18,18,18,18,18,17,17,17,17,17,16,16,16,16,15,15,15,15,14,14,14,14,13,13,13,13,12,12,12,12,11,11,11,11,10,10,10,10,9,9,9,8,8,8,8,7,7,7,6,6,6,5,5,5,4,4,4,3,3,3,2,2,2,1,1,1,,,,,,,,,,,,,,,,,,,,,,,,,,,,,,,,,,,,,,,,,,,,,,,,,,,,,,
75.3%,19,18,18,18,18,18,17,17,17,17,17,16,16,16,16,15,15,15,15,14,14,14,14,13,13,13,13,12,12,12,12,11,11,11,11,10,10,10,10,9,9,9,8,8,8,8,7,7,7,6,6,6,5,5,5,4,4,4,3,3,3,2,2,2,1,1,1,,,,,,,,,,,,,,,,,,,,,,,,,,,,,,,,,,,,,,,,,,,,,,,,,,,,,
75.1%,19,19,19,18,18,18,18,17,17,17,17,17,16,16,16,16,15,15,15,15,14,14,14,14,13,13,13,13,12,12,12,12,11,11,11,11,10,10,10,10,9,9,9,8,8,8,8,7,7,7,6,6,6,5,5,5,4,4,4,3,3,3,2,2,2,1,1,1,,,,,,,,,,,,,,,,,,,,,,,,,,,,,,,,,,,,,,,,,,,,,,,,,,,,
74.9%,19,19,19,19,18,18,18,18,17,17,17,17,17,16,16,16,16,15,15,15,15,14,14,14,14,13,13,13,13,12,12,12,12,11,11,11,11,10,10,10,10,9,9,9,8,8,8,7,7,7,7,6,6,6,5,5,5,4,4,4,3,3,3,2,2,2,1,1,1,,,,,,,,,,,,,,,,,,,,,,,,,,,,,,,,,,,,,,,,,,,,,,,,,,,
74.6%,19,19,19,19,19,18,18,18,18,17,17,17,17,17,16,16,16,16,15,15,15,15,14,14,14,14,14,13,13,13,12,12,12,12,11,11,11,11,10,10,10,10,9,9,9,8,8,8,7,7,7,7,6,6,6,5,5,5,4,4,4,3,3,3,2,2,2,1,1,1,,,,,,,,,,,,,,,,,,,,,,,,,,,,,,,,,,,,,,,,,,,,,,,,,,
74.4%,20,19,19,19,19,19,18,18,18,18,17,17,17,17,17,16,16,16,16,15,15,15,15,14,14,14,14,14,13,13,13,12,12,12,12,11,11,11,11,10,10,10,10,9,9,9,8,8,8,7,7,7,7,6,6,6,5,5,5,4,4,4,3,3,3,2,2,2,1,1,1,,,,,,,,,,,,,,,,,,,,,,,,,,,,,,,,,,,,,,,,,,,,,,,,,
74.2%,20,20,19,19,19,19,19,18,18,18,18,17,17,17,17,17,16,16,16,16,15,15,15,15,14,14,14,14,14,13,13,13,12,12,12,12,11,11,11,11,10,10,10,10,9,9,9,8,8,8,7,7,7,7,6,6,6,5,5,5,4,4,4,3,3,3,2,2,2,1,1,,,,,,,,,,,,,,,,,,,,,,,,,,,,,,,,,,,,,,,,,,,,,,,,,
74.0%,20,20,20,19,19,19,19,19,18,18,18,18,17,17,17,17,17,16,16,16,16,15,15,15,15,14,14,14,14,14,13,13,13,12,12,12,12,11,11,11,11,10,10,10,9,9,9,9,8,8,8,7,7,7,7,6,6,6,5,5,5,4,4,4,3,3,3,2,2,2,1,1,,,,,,,,,,,,,,,,,,,,,,,,,,,,,,,,,,,,,,,,,,,,,,,,
73.8%,20,20,20,20,19,19,19,19,19,18,18,18,18,18,17,17,17,17,16,16,16,16,15,15,15,15,14,14,14,14,14,13,13,13,12,12,12,12,11,11,11,11,10,10,10,9,9,9,9,8,8,8,7,7,7,7,6,6,6,5,5,5,4,4,4,3,3,3,2,2,2,1,1,,,,,,,,,,,,,,,,,,,,,,,,,,,,,,,,,,,,,,,,,,,,,,,
73.6%,20,20,20,20,20,19,19,19,19,19,18,18,18,18,18,17,17,17,17,16,16,16,16,15,15,15,15,14,14,14,14,14,13,13,13,12,12,12,12,11,11,11,11,10,10,10,9,9,9,9,8,8,8,7,7,7,7,6,6,6,5,5,5,4,4,4,3,3,3,2,2,1,1,1,,,,,,,,,,,,,,,,,,,,,,,,,,,,,,,,,,,,,,,,,,,,,,
73.4%,21,20,20,20,20,20,19,19,19,19,19,18,18,18,18,18,17,17,17,17,16,16,16,16,15,15,15,15,15,14,14,14,14,13,13,13,12,12,12,12,11,11,11,11,10,10,10,9,9,9,9,8,8,8,7,7,7,6,6,6,6,5,5,5,4,4,4,3,3,3,2,2,1,1,1,,,,,,,,,,,,,,,,,,,,,,,,,,,,,,,,,,,,,,,,,,,,,
73.2%,21,21,20,20,20,20,20,19,19,19,19,19,18,18,18,18,18,17,17,17,17,16,16,16,16,15,15,15,15,14,14,14,14,14,13,13,13,12,12,12,12,11,11,11,11,10,10,10,9,9,9,9,8,8,8,7,7,7,6,6,6,6,5,5,5,4,4,4,3,3,2,2,2,1,1,1,,,,,,,,,,,,,,,,,,,,,,,,,,,,,,,,,,,,,,,,,,,,
73.0%,21,21,21,20,20,20,20,20,19,19,19,19,19,18,18,18,18,18,17,17,17,17,16,16,16,16,15,15,15,15,15,14,14,14,14,13,13,13,12,12,12,12,11,11,11,11,10,10,10,9,9,9,9,8,8,8,7,7,7,6,6,6,6,5,5,5,4,4,4,3,3,2,2,2,1,1,1,,,,,,,,,,,,,,,,,,,,,,,,,,,,,,,,,,,,,,,,,,,
72.7%,21,21,21,21,21,20,20,20,20,19,19,19,19,19,18,18,18,18,18,17,17,17,17,16,16,16,16,15,15,15,15,15,14,14,14,14,13,13,13,12,12,12,12,11,11,11,11,10,10,10,9,9,9,9,8,8,8,7,7,7,6,6,6,5,5,5,5,4,4,3,3,3,2,2,2,1,1,1,,,,,,,,,,,,,,,,,,,,,,,,,,,,,,,,,,,,,,,,,,
72.5%,21,21,21,21,21,21,20,20,20,20,19,19,19,19,19,18,18,18,18,18,17,17,17,17,16,16,16,16,15,15,15,15,15,14,14,14,14,13,13,13,12,12,12,12,11,11,11,11,10,10,10,9,9,9,9,8,8,8,7,7,7,6,6,6,5,5,5,4,4,4,3,3,3,2,2,2,1,1,1,,,,,,,,,,,,,,,,,,,,,,,,,,,,,,,,,,,,,,,,,
72.3%,22,21,21,21,21,21,21,20,20,20,20,20,19,19,19,19,18,18,18,18,18,17,17,17,17,16,16,16,16,15,15,15,15,15,14,14,14,14,13,13,13,12,12,12,12,11,11,11,11,10,10,10,9,9,9,9,8,8,8,7,7,7,6,6,6,5,5,5,4,4,4,3,3,3,2,2,2,1,1,1,,,,,,,,,,,,,,,,,,,,,,,,,,,,,,,,,,,,,,,,
72.1%,22,22,22,21,21,21,21,21,20,20,20,20,20,19,19,19,19,18,18,18,18,18,17,17,17,17,16,16,16,16,15,15,15,15,15,14,14,14,14,13,13,13,12,12,12,12,11,11,11,11,10,10,10,9,9,9,9,8,8,8,7,7,7,6,6,6,5,5,5,4,4,4,3,3,3,2,2,2,1,1,1,,,,,,,,,,,,,,,,,,,,,,,,,,,,,,,,,,,,,,,
71.9%,22,22,22,22,21,21,21,21,21,20,20,20,20,20,19,19,19,19,18,18,18,18,18,17,17,17,17,16,16,16,16,15,15,15,15,15,14,14,14,14,13,13,13,12,12,12,12,11,11,11,11,10,10,10,9,9,9,9,8,8,8,7,7,7,6,6,6,5,5,5,4,4,4,3,3,3,2,2,2,1,1,1,,,,,,,,,,,,,,,,,,,,,,,,,,,,,,,,,,,,,,
71.7%,22,22,22,22,22,21,21,21,21,21,20,20,20,20,20,19,19,19,19,18,18,18,18,18,17,17,17,17,16,16,16,16,15,15,15,15,15,14,14,14,14,13,13,13,12,12,12,12,11,11,11,11,10,10,10,9,9,9,9,8,8,8,7,7,7,6,6,6,5,5,5,4,4,4,3,3,3,2,2,2,1,1,,,,,,,,,,,,,,,,,,,,,,,,,,,,,,,,,,,,,,
71.5%,22,22,22,22,22,22,21,21,21,21,21,20,20,20,20,20,19,19,19,19,18,18,18,18,18,17,17,17,17,16,16,16,16,15,15,15,15,15,14,14,14,14,13,13,13,12,12,12,12,11,11,11,11,10,10,10,9,9,9,9,8,8,8,7,7,7,6,6,6,5,5,5,4,4,4,3,3,3,2,2,2,1,1,,,,,,,,,,,,,,,,,,,,,,,,,,,,,,,,,,,,,
71.3%,23,23,22,22,22,22,22,21,21,21,21,21,20,20,20,20,20,19,19,19,19,18,18,18,18,18,17,17,17,17,16,16,16,16,15,15,15,15,15,14,14,14,14,13,13,13,12,12,12,12,11,11,11,11,10,10,10,9,9,9,9,8,8,8,7,7,7,6,6,6,5,5,5,4,4,4,3,3,3,2,2,2,1,1,,,,,,,,,,,,,,,,,,,,,,,,,,,,,,,,,,,,
71.1%,23,23,23,22,22,22,22,22,21,21,21,21,21,20,20,20,20,20,19,19,19,19,18,18,18,18,18,17,17,17,17,16,16,16,16,15,15,15,15,15,14,14,14,14,13,13,13,12,12,12,12,11,11,11,11,10,10,10,9,9,9,8,8,8,8,7,7,7,6,6,6,5,5,5,4,4,4,3,3,3,2,2,2,1,1,,,,,,,,,,,,,,,,,,,,,,,,,,,,,,,,,,,
70.9%,23,23,23,23,22,22,22,22,22,21,21,21,21,21,20,20,20,20,20,19,19,19,19,18,18,18,18,18,17,17,17,17,16,16,16,16,16,15,15,15,15,14,14,14,14,13,13,13,12,12,12,12,11,11,11,11,10,10,10,9,9,9,8,8,8,8,7,7,7,6,6,6,5,5,5,4,4,4,3,3,3,2,2,1,1,1,,,,,,,,,,,,,,,,,,,,,,,,,,,,,,,,,,
70.7%,23,23,23,23,23,22,22,22,22,22,21,21,21,21,21,20,20,20,20,20,19,19,19,19,19,18,18,18,18,17,17,17,17,16,16,16,16,16,15,15,15,15,14,14,14,14,13,13,13,12,12,12,12,11,11,11,11,10,10,10,9,9,9,8,8,8,8,7,7,7,6,6,6,5,5,5,4,4,4,3,3,3,2,2,1,1,1,,,,,,,,,,,,,,,,,,,,,,,,,,,,,,,,,
70.5%,24,23,23,23,23,23,22,22,22,22,22,21,21,21,21,21,20,20,20,20,20,19,19,19,19,19,18,18,18,18,17,17,17,17,16,16,16,16,16,15,15,15,15,14,14,14,14,13,13,13,12,12,12,12,11,11,11,11,10,10,10,9,9,9,8,8,8,8,7,7,7,6,6,6,5,5,5,4,4,4,3,3,3,2,2,1,1,1,,,,,,,,,,,,,,,,,,,,,,,,,,,,,,,,
70.3%,24,24,23,23,23,23,23,22,22,22,22,22,21,21,21,21,21,20,20,20,20,20,19,19,19,19,19,18,18,18,18,17,17,17,17,16,16,16,16,16,15,15,15,15,14,14,14,14,13,13,13,12,12,12,12,11,11,11,11,10,10,10,9,9,9,8,8,8,8,7,7,7,6,6,6,5,5,5,4,4,4,3,3,2,2,2,1,1,1,,,,,,,,,,,,,,,,,,,,,,,,,,,,,,,
70.1%,24,24,24,23,23,23,23,23,22,22,22,22,22,21,21,21,21,21,20,20,20,20,20,19,19,19,19,19,18,18,18,18,17,17,17,17,16,16,16,16,16,15,15,15,15,14,14,14,14,13,13,13,12,12,12,12,11,11,11,11,10,10,10,9,9,9,8,8,8,8,7,7,7,6,6,6,5,5,5,4,4,4,3,3,2,2,2,1,1,1,,,,,,,,,,,,,,,,,,,,,,,,,,,,,,
69.9%,24,24,24,24,23,23,23,23,23,22,22,22,22,22,21,21,21,21,21,20,20,20,20,20,19,19,19,19,19,18,18,18,18,17,17,17,17,16,16,16,16,16,15,15,15,15,14,14,14,14,13,13,13,12,12,12,12,11,11,11,10,10,10,10,9,9,9,8,8,8,8,7,7,7,6,6,6,5,5,5,4,4,4,3,3,2,2,2,1,1,1,,,,,,,,,,,,,,,,,,,,,,,,,,,,,
69.7%,24,24,24,24,24,23,23,23,23,23,22,22,22,22,22,21,21,21,21,21,20,20,20,20,20,19,19,19,19,19,18,18,18,18,17,17,17,17,16,16,16,16,16,15,15,15,15,14,14,14,13,13,13,13,12,12,12,12,11,11,11,10,10,10,10,9,9,9,8,8,8,7,7,7,7,6,6,6,5,5,5,4,4,3,3,3,2,2,2,1,1,1,,,,,,,,,,,,,,,,,,,,,,,,,,,,
69.5%,24,24,24,24,24,24,23,23,23,23,23,22,22,22,22,22,22,21,21,21,21,20,20,20,20,20,19,19,19,19,19,18,18,18,18,17,17,17,17,16,16,16,16,16,15,15,15,15,14,14,14,13,13,13,13,12,12,12,12,11,11,11,10,10,10,10,9,9,9,8,8,8,7,7,7,7,6,6,6,5,5,5,4,4,3,3,3,2,2,2,1,1,,,,,,,,,,,,,,,,,,,,,,,,,,,,
69.3%,25,25,24,24,24,24,24,23,23,23,23,23,23,22,22,22,22,22,21,21,21,21,20,20,20,20,20,19,19,19,19,19,18,18,18,18,17,17,17,17,16,16,16,16,16,15,15,15,15,14,14,14,13,13,13,13,12,12,12,12,11,11,11,10,10,10,10,9,9,9,8,8,8,7,7,7,6,6,6,6,5,5,4,4,4,3,3,3,2,2,2,1,1,,,,,,,,,,,,,,,,,,,,,,,,,,,
69.1%,25,25,25,24,24,24,24,24,23,23,23,23,23,23,22,22,22,22,22,21,21,21,21,21,20,20,20,20,19,19,19,19,19,18,18,18,18,17,17,17,17,17,16,16,16,16,15,15,15,15,14,14,14,14,13,13,13,12,12,12,12,11,11,11,10,10,10,10,9,9,9,8,8,8,7,7,7,6,6,6,5,5,5,4,4,4,3,3,3,2,2,2,1,1,,,,,,,,,,,,,,,,,,,,,,,,,,
68.9%,25,25,25,25,24,24,24,24,24,23,23,23,23,23,23,22,22,22,22,22,21,21,21,21,21,20,20,20,20,19,19,19,19,19,18,18,18,18,17,17,17,17,17,16,16,16,16,15,15,15,15,14,14,14,13,13,13,13,12,12,12,12,11,11,11,10,10,10,10,9,9,9,8,8,8,7,7,7,6,6,6,5,5,5,4,4,4,3,3,3,2,2,2,1,1,,,,,,,,,,,,,,,,,,,,,,,,,
68.8%,25,25,25,25,25,24,24,24,24,24,23,23,23,23,23,23,22,22,22,22,22,21,21,21,21,21,20,20,20,20,19,19,19,19,19,18,18,18,18,17,17,17,17,17,16,16,16,16,15,15,15,15,14,14,14,13,13,13,13,12,12,12,12,11,11,11,10,10,10,10,9,9,9,8,8,8,7,7,7,6,6,6,5,5,5,4,4,4,3,3,3,2,2,2,1,1,,,,,,,,,,,,,,,,,,,,,,,,
68.6%,25,25,25,25,25,25,24,24,24,24,24,24,23,23,23,23,23,22,22,22,22,22,21,21,21,21,21,20,20,20,20,19,19,19,19,19,18,18,18,18,17,17,17,17,17,16,16,16,16,15,15,15,15,14,14,14,13,13,13,13,12,12,12,12,11,11,11,10,10,10,10,9,9,9,8,8,8,7,7,7,6,6,6,5,5,5,4,4,4,3,3,3,2,2,1,1,1,,,,,,,,,,,,,,,,,,,,,,,
68.4%,26,26,25,25,25,25,25,24,24,24,24,24,24,23,23,23,23,23,22,22,22,22,22,21,21,21,21,21,20,20,20,20,19,19,19,19,19,18,18,18,18,17,17,17,17,17,16,16,16,16,15,15,15,15,14,14,14,13,13,13,13,12,12,12,12,11,11,11,10,10,10,10,9,9,9,8,8,8,7,7,7,6,6,6,5,5,5,4,4,4,3,3,3,2,2,1,1,1,,,,,,,,,,,,,,,,,,,,,,
68.2%,26,26,26,25,25,25,25,25,24,24,24,24,24,24,23,23,23,23,23,22,22,22,22,22,21,21,21,21,21,20,20,20,20,19,19,19,19,19,18,18,18,18,17,17,17,17,17,16,16,16,16,15,15,15,15,14,14,14,13,13,13,13,12,12,12,12,11,11,11,10,10,10,10,9,9,9,8,8,8,7,7,7,6,6,6,5,5,5,4,4,4,3,3,3,2,2,1,1,1,,,,,,,,,,,,,,,,,,,,,
68.0%,26,26,26,26,25,25,25,25,25,24,24,24,24,24,24,23,23,23,23,23,22,22,22,22,22,21,21,21,21,21,20,20,20,20,19,19,19,19,19,18,18,18,18,17,17,17,17,17,16,16,16,16,15,15,15,15,14,14,14,13,13,13,13,12,12,12,12,11,11,11,10,10,10,10,9,9,9,8,8,8,7,7,7,6,6,6,5,5,5,4,4,4,3,3,2,2,2,1,1,1,,,,,,,,,,,,,,,,,,,,
67.8%,26,26,26,26,26,25,25,25,25,25,25,24,24,24,24,24,23,23,23,23,23,22,22,22,22,22,21,21,21,21,21,20,20,20,20,20,19,19,19,19,18,18,18,18,17,17,17,17,17,16,16,16,16,15,15,15,15,14,14,14,13,13,13,13,12,12,12,12,11,11,11,10,10,10,10,9,9,9,8,8,8,7,7,7,6,6,6,5,5,5,4,4,4,3,3,2,2,2,1,1,1,,,,,,,,,,,,,,,,,,,
67.6%,26,26,26,26,26,26,25,25,25,25,25,25,24,24,24,24,24,23,23,23,23,23,22,22,22,22,22,21,21,21,21,21,20,20,20,20,20,19,19,19,19,18,18,18,18,17,17,17,17,17,16,16,16,16,15,15,15,15,14,14,14,13,13,13,13,12,12,12,12,11,11,11,10,10,10,10,9,9,9,8,8,8,7,7,7,6,6,6,5,5,5,4,4,4,3,3,2,2,2,1,1,1,,,,,,,,,,,,,,,,,,
67.4%,27,26,26,26,26,26,26,25,25,25,25,25,25,24,24,24,24,24,23,23,23,23,23,22,22,22,22,22,21,21,21,21,21,20,20,20,20,20,19,19,19,19,18,18,18,18,17,17,17,17,17,16,16,16,16,15,15,15,15,14,14,14,13,13,13,13,12,12,12,12,11,11,11,10,10,10,9,9,9,9,8,8,8,7,7,7,6,6,6,5,5,5,4,4,4,3,3,2,2,2,1,1,1,,,,,,,,,,,,,,,,,
67.2%,27,27,26,26,26,26,26,26,25,25,25,25,25,25,24,24,24,24,24,23,23,23,23,23,22,22,22,22,22,21,21,21,21,21,20,20,20,20,20,19,19,19,19,18,18,18,18,17,17,17,17,17,16,16,16,16,15,15,15,15,14,14,14,13,13,13,13,12,12,12,12,11,11,11,10,10,10,9,9,9,9,8,8,8,7,7,7,6,6,6,5,5,5,4,4,4,3,3,2,2,2,1,1,,,,,,,,,,,,,,,,,
67.1%,27,27,27,27,26,26,26,26,26,25,25,25,25,25,25,24,24,24,24,24,23,23,23,23,23,22,22,22,22,22,21,21,21,21,21,20,20,20,20,20,19,19,19,19,18,18,18,18,17,17,17,17,17,16,16,16,16,15,15,15,15,14,14,14,13,13,13,13,12,12,12,12,11,11,11,10,10,10,9,9,9,9,8,8,8,7,7,7,6,6,6,5,5,5,4,4,3,3,3,2,2,2,1,1,,,,,,,,,,,,,,,,
66.9%,27,27,27,27,27,26,26,26,26,26,25,25,25,25,25,25,24,24,24,24,24,23,23,23,23,23,22,22,22,22,22,21,21,21,21,21,20,20,20,20,20,19,19,19,19,18,18,18,18,17,17,17,17,17,16,16,16,16,15,15,15,15,14,14,14,13,13,13,13,12,12,12,12,11,11,11,10,10,10,9,9,9,9,8,8,8,7,7,7,6,6,6,5,5,5,4,4,3,3,3,2,2,2,1,1,,,,,,,,,,,,,,,
66.7%,27,27,27,27,27,27,26,26,26,26,26,26,25,25,25,25,25,24,24,24,24,24,23,23,23,23,23,22,22,22,22,22,21,21,21,21,21,20,20,20,20,20,19,19,19,19,18,18,18,18,18,17,17,17,17,16,16,16,16,15,15,15,15,14,14,14,13,13,13,13,12,12,12,12,11,11,11,10,10,10,9,9,9,9,8,8,8,7,7,7,6,6,6,5,5,5,4,4,3,3,3,2,2,2,1,1,,,,,,,,,,,,,,
66.5%,28,27,27,27,27,27,27,26,26,26,26,26,26,25,25,25,25,25,24,24,24,24,24,23,23,23,23,23,22,22,22,22,22,21,21,21,21,21,20,20,20,20,20,19,19,19,19,18,18,18,18,17,17,17,17,17,16,16,16,16,15,15,15,15,14,14,14,13,13,13,13,12,12,12,12,11,11,11,10,10,10,9,9,9,8,8,8,8,7,7,7,6,6,6,5,5,4,4,4,3,3,3,2,2,1,1,1,,,,,,,,,,,,,
66.3%,28,28,27,27,27,27,27,27,26,26,26,26,26,26,25,25,25,25,25,24,24,24,24,24,23,23,23,23,23,23,22,22,22,22,21,21,21,21,21,20,20,20,20,20,19,19,19,19,18,18,18,18,18,17,17,17,17,16,16,16,16,15,15,15,15,14,14,14,13,13,13,13,12,12,12,12,11,11,11,10,10,10,9,9,9,8,8,8,8,7,7,7,6,6,5,5,5,4,4,4,3,3,3,2,2,1,1,1,,,,,,,,,,,,
66.1%,28,28,28,27,27,27,27,27,27,26,26,26,26,26,26,25,25,25,25,25,24,24,24,24,24,24,23,23,23,23,23,22,22,22,22,22,21,21,21,21,20,20,20,20,20,19,19,19,19,18,18,18,18,18,17,17,17,17,16,16,16,16,15,15,15,15,14,14,14,13,13,13,13,12,12,12,12,11,11,11,10,10,10,9,9,9,8,8,8,8,7,7,7,6,6,5,5,5,4,4,4,3,3,3,2,2,1,1,1,,,,,,,,,,,
66.0%,28,28,28,28,27,27,27,27,27,27,26,26,26,26,26,26,25,25,25,25,25,24,24,24,24,24,24,23,23,23,23,23,22,22,22,22,22,21,21,21,21,20,20,20,20,20,19,19,19,19,18,18,18,18,18,17,17,17,17,16,16,16,16,15,15,15,15,14,14,14,13,13,13,13,12,12,12,11,11,11,11,10,10,10,9,9,9,8,8,8,7,7,7,6,6,6,5,5,5,4,4,4,3,3,3,2,2,1,1,1,,,,,,,,,,
65.8%,28,28,28,28,28,27,27,27,27,27,27,26,26,26,26,26,26,25,25,25,25,25,24,24,24,24,24,24,23,23,23,23,23,22,22,22,22,22,21,21,21,21,20,20,20,20,20,19,19,19,19,18,18,18,18,18,17,17,17,17,16,16,16,16,15,15,15,15,14,14,14,13,13,13,13,12,12,12,11,11,11,11,10,10,10,9,9,9,8,8,8,7,7,7,6,6,6,5,5,5,4,4,4,3,3,3,2,2,1,1,1,,,,,,,,,
65.6%,28,28,28,28,28,28,28,27,27,27,27,27,26,26,26,26,26,26,25,25,25,25,25,25,24,24,24,24,24,23,23,23,23,23,22,22,22,22,22,21,21,21,21,20,20,20,20,20,19,19,19,19,18,18,18,18,18,17,17,17,17,16,16,16,16,15,15,15,15,14,14,14,13,13,13,13,12,12,12,11,11,11,11,10,10,10,9,9,9,8,8,8,7,7,7,6,6,6,5,5,5,4,4,4,3,3,3,2,2,1,1,1,,,,,,,,
65.4%,29,28,28,28,28,28,28,28,27,27,27,27,27,27,26,26,26,26,26,25,25,25,25,25,25,24,24,24,24,24,23,23,23,23,23,22,22,22,22,22,21,21,21,21,20,20,20,20,20,19,19,19,19,18,18,18,18,18,17,17,17,17,16,16,16,16,15,15,15,15,14,14,14,13,13,13,13,12,12,12,11,11,11,11,10,10,10,9,9,9,8,8,8,7,7,7,6,6,6,5,5,5,4,4,4,3,3,2,2,2,1,1,1,,,,,,,
65.3%,29,29,29,28,28,28,28,28,28,27,27,27,27,27,27,26,26,26,26,26,25,25,25,25,25,25,24,24,24,24,24,23,23,23,23,23,22,22,22,22,22,21,21,21,21,20,20,20,20,20,19,19,19,19,18,18,18,18,18,17,17,17,17,16,16,16,16,15,15,15,15,14,14,14,13,13,13,13,12,12,12,11,11,11,11,10,10,10,9,9,9,8,8,8,7,7,7,6,6,6,5,5,5,4,4,4,3,3,2,2,2,1,1,,,,,,,
65.1%,29,29,29,29,28,28,28,28,28,28,27,27,27,27,27,27,26,26,26,26,26,25,25,25,25,25,25,24,24,24,24,24,23,23,23,23,23,22,22,22,22,22,21,21,21,21,20,20,20,20,20,19,19,19,19,18,18,18,18,18,17,17,17,17,16,16,16,16,15,15,15,15,14,14,14,13,13,13,13,12,12,12,11,11,11,11,10,10,10,9,9,9,8,8,8,7,7,7,6,6,6,5,5,5,4,4,4,3,3,2,2,2,1,1,,,,,,
64.9%,29,29,29,29,29,28,28,28,28,28,28,27,27,27,27,27,27,26,26,26,26,26,25,25,25,25,25,25,24,24,24,24,24,23,23,23,23,23,22,22,22,22,22,21,21,21,21,21,20,20,20,20,19,19,19,19,18,18,18,18,18,17,17,17,17,16,16,16,16,15,15,15,15,14,14,14,13,13,13,13,12,12,12,11,11,11,11,10,10,10,9,9,9,8,8,8,7,7,7,6,6,6,5,5,5,4,4,4,3,3,2,2,2,1,1,,,,,
64.7%,29,29,29,29,29,29,28,28,28,28,28,28,27,27,27,27,27,27,26,26,26,26,26,25,25,25,25,25,25,24,24,24,24,24,23,23,23,23,23,22,22,22,22,22,21,21,21,21,21,20,20,20,20,19,19,19,19,18,18,18,18,18,17,17,17,17,16,16,16,16,15,15,15,15,14,14,14,13,13,13,13,12,12,12,11,11,11,11,10,10,10,9,9,9,8,8,8,7,7,7,6,6,6,5,5,5,4,4,3,3,3,2,2,2,1,1,,,,
64.6%,30,29,29,29,29,29,29,28,28,28,28,28,28,27,27,27,27,27,27,26,26,26,26,26,26,25,25,25,25,25,24,24,24,24,24,23,23,23,23,23,22,22,22,22,22,21,21,21,21,21,20,20,20,20,19,19,19,19,18,18,18,18,18,17,17,17,17,16,16,16,16,15,15,15,14,14,14,14,13,13,13,13,12,12,12,11,11,11,11,10,10,10,9,9,9,8,8,8,7,7,7,6,6,6,5,5,5,4,4,3,3,3,2,2,1,1,1,,,
64.4%,30,30,29,29,29,29,29,29,28,28,28,28,28,28,27,27,27,27,27,27,26,26,26,26,26,26,25,25,25,25,25,24,24,24,24,24,23,23,23,23,23,22,22,22,22,22,21,21,21,21,21,20,20,20,20,19,19,19,19,19,18,18,18,18,17,17,17,17,16,16,16,16,15,15,15,15,14,14,14,13,13,13,13,12,12,12,11,11,11,11,10,10,10,9,9,9,8,8,8,7,7,7,6,6,6,5,5,5,4,4,3,3,3,2,2,1,1,1,,
64.2%,30,30,30,29,29,29,29,29,29,28,28,28,28,28,28,27,27,27,27,27,27,26,26,26,26,26,26,25,25,25,25,25,24,24,24,24,24,23,23,23,23,23,22,22,22,22,22,21,21,21,21,21,20,20,20,20,19,19,19,19,19,18,18,18,18,17,17,17,17,16,16,16,16,15,15,15,15,14,14,14,13,13,13,13,12,12,12,11,11,11,11,10,10,10,9,9,9,8,8,8,7,7,7,6,6,6,5,5,5,4,4,3,3,3,2,2,1,1,1,
64.0%,30,30,30,30,29,29,29,29,29,29,29,28,28,28,28,28,28,27,27,27,27,27,26,26,26,26,26,26,25,25,25,25,25,24,24,24,24,24,23,23,23,23,23,22,22,22,22,22,21,21,21,21,21,20,20,20,20,19,19,19,19,19,18,18,18,18,17,17,17,17,16,16,16,16,15,15,15,15,14,14,14,13,13,13,13,12,12,12,11,11,11,11,10,10,10,9,9,9,8,8,8,7,7,7,6,6,6,5,5,4,4,4,3,3,3,2,2,1,1,1
63.9%,30,30,30,30,30,29,29,29,29,29,29,29,28,28,28,28,28,28,27,27,27,27,27,26,26,26,26,26,26,25,25,25,25,25,24,24,24,24,24,23,23,23,23,23,22,22,22,22,22,21,21,21,21,21,20,20,20,20,19,19,19,19,19,18,18,18,18,17,17,17,17,16,16,16,16,15,15,15,14,14,14,14,13,13,13,13,12,12,12,11,11,11,10,10,10,10,9,9,9,8,8,8,7,7,7,6,6,6,5,5,4,4,4,3,3,3,2,2,1,1
63.7%,30,30,30,30,30,30,30,29,29,29,29,29,29,28,28,28,28,28,28,27,27,27,27,27,26,26,26,26,26,26,25,25,25,25,25,24,24,24,24,24,23,23,23,23,23,22,22,22,22,22,21,21,21,21,21,20,20,20,20,19,19,19,19,19,18,18,18,18,17,17,17,17,16,16,16,16,15,15,15,14,14,14,14,13,13,13,13,12,12,12,11,11,11,10,10,10,10,9,9,9,8,8,8,7,7,7,6,6,5,5,5,4,4,4,3,3,2,2,2,1
63.5%,31,30,30,30,30,30,30,30,29,29,29,29,29,29,28,28,28,28,28,28,27,27,27,27,27,27,26,26,26,26,26,25,25,25,25,25,24,24,24,24,24,24,23,23,23,23,22,22,22,22,22,21,21,21,21,21,20,20,20,20,19,19,19,19,19,18,18,18,18,17,17,17,17,16,16,16,16,15,15,15,14,14,14,14,13,13,13,13,12,12,12,11,11,11,10,10,10,10,9,9,9,8,8,8,7,7,7,6,6,5,5,5,4,4,4,3,3,2,2,2
63.3%,31,31,30,30,30,30,30,30,30,29,29,29,29,29,29,28,28,28,28,28,28,27,27,27,27,27,27,26,26,26,26,26,25,25,25,25,25,24,24,24,24,24,24,23,23,23,23,22,22,22,22,22,21,21,21,21,21,20,20,20,20,19,19,19,19,19,18,18,18,18,17,17,17,17,16,16,16,16,15,15,15,14,14,14,14,13,13,13,13,12,12,12,11,11,11,10,10,10,9,9,9,9,8,8,8,7,7,7,6,6,5,5,5,4,4,4,3,3,2,2
63.2%,31,31,31,31,30,30,30,30,30,30,29,29,29,29,29,29,28,28,28,28,28,28,27,27,27,27,27,27,26,26,26,26,26,25,25,25,25,25,25,24,24,24,24,24,23,23,23,23,23,22,22,22,22,21,21,21,21,21,20,20,20,20,19,19,19,19,19,18,18,18,18,17,17,17,17,16,16,16,16,15,15,15,14,14,14,14,13,13,13,13,12,12,12,11,11,11,10,10,10,10,9,9,9,8,8,8,7,7,7,6,6,5,5,5,4,4,4,3,3,2
63.0%,31,31,31,31,31,30,30,30,30,30,30,29,29,29,29,29,29,28,28,28,28,28,28,27,27,27,27,27,27,26,26,26,26,26,25,25,25,25,25,25,24,24,24,24,24,23,23,23,23,23,22,22,22,22,21,21,21,21,21,20,20,20,20,19,19,19,19,19,18,18,18,18,17,17,17,17,16,16,16,16,15,15,15,14,14,14,14,13,13,13,13,12,12,12,11,11,11,10,10,10,9,9,9,9,8,8,7,7,7,6,6,6,5,5,5,4,4,4,3,3
62.8%,31,31,31,31,31,31,30,30,30,30,30,30,29,29,29,29,29,29,28,28,28,28,28,28,27,27,27,27,27,27,26,26,26,26,26,25,25,25,25,25,25,24,24,24,24,24,23,23,23,23,23,22,22,22,22,21,21,21,21,21,20,20,20,20,19,19,19,19,19,18,18,18,18,17,17,17,17,16,16,16,16,15,15,15,14,14,14,14,13,13,13,12,12,12,12,11,11,11,10,10,10,9,9,9,8,8,8,7,7,7,6,6,6,5,5,5,4,4,4,3
62.7%,31,31,31,31,31,31,31,30,30,30,30,30,30,29,29,29,29,29,29,28,28,28,28,28,28,27,27,27,27,27,27,26,26,26,26,26,25,25,25,25,25,25,24,24,24,24,24,23,23,23,23,23,22,22,22,22,21,21,21,21,21,20,20,20,20,19,19,19,19,19,18,18,18,18,17,17,17,17,16,16,16,16,15,15,15,14,14,14,14,13,13,13,12,12,12,12,11,11,11,10,10,10,9,9,9,8,8,8,7,7,7,6,6,6,5,5,5,4,4,3
62.5%,32,31,31,31,31,31,31,31,30,30,30,30,30,30,29,29,29,29,29,29,28,28,28,28,28,28,27,27,27,27,27,27,26,26,26,26,26,25,25,25,25,25,25,24,24,24,24,24,23,23,23,23,23,22,22,22,22,21,21,21,21,21,20,20,20,20,19,19,19,19,19,18,18,18,18,17,17,17,17,16,16,16,16,15,15,15,14,14,14,14,13,13,13,12,12,12,12,11,11,11,10,10,10,9,9,9,8,8,8,7,7,7,6,6,6,5,5,5,4,4
62.3%,32,32,32,31,31,31,31,31,31,30,30,30,30,30,30,29,29,29,29,29,29,29,28,28,28,28,28,27,27,27,27,27,27,26,26,26,26,26,26,25,25,25,25,25,24,24,24,24,24,23,23,23,23,23,22,22,22,22,22,21,21,21,21,20,20,20,20,19,19,19,19,19,18,18,18,18,17,17,17,17,16,16,16,16,15,15,15,14,14,14,14,13,13,13,12,12,12,12,11,11,11,10,10,10,9,9,9,8,8,8,7,7,7,6,6,6,5,5,5,4
62.2%,32,32,32,32,31,31,31,31,31,31,30,30,30,30,30,30,30,29,29,29,29,29,29,28,28,28,28,28,28,27,27,27,27,27,26,26,26,26,26,26,25,25,25,25,25,24,24,24,24,24,23,23,23,23,23,22,22,22,22,22,21,21,21,21,20,20,20,20,20,19,19,19,19,18,18,18,18,17,17,17,17,16,16,16,16,15,15,15,14,14,14,14,13,13,13,12,12,12,12,11,11,11,10,10,10,9,9,9,8,8,8,7,7,7,6,6,6,5,5,5
62.0%,32,32,32,32,32,31,31,31,31,31,31,30,30,30,30,30,30,30,29,29,29,29,29,29,28,28,28,28,28,28,27,27,27,27,27,26,26,26,26,26,26,25,25,25,25,25,24,24,24,24,24,23,23,23,23,23,22,22,22,22,22,21,21,21,21,20,20,20,20,19,19,19,19,19,18,18,18,18,17,17,17,17,16,16,16,16,15,15,15,14,14,14,14,13,13,13,12,12,12,12,11,11,11,10,10,10,9,9,9,8,8,8,7,7,7,6,6,6,5,5
61.8%,32,32,32,32,32,32,31,31,31,31,31,31,31,30,30,30,30,30,30,29,29,29,29,29,29,28,28,28,28,28,28,27,27,27,27,27,26,26,26,26,26,26,25,25,25,25,25,24,24,24,24,24,23,23,23,23,23,22,22,22,22,22,21,21,21,21,20,20,20,20,20,19,19,19,19,18,18,18,18,17,17,17,17,16,16,16,16,15,15,15,14,14,14,14,13,13,13,12,12,12,12,11,11,11,10,10,10,9,9,9,8,8,8,7,7,7,6,6,6,5
61.7%,32,32,32,32,32,32,32,31,31,31,31,31,31,31,30,30,30,30,30,30,29,29,29,29,29,29,28,28,28,28,28,28,27,27,27,27,27,26,26,26,26,26,26,25,25,25,25,25,24,24,24,24,24,23,23,23,23,23,22,22,22,22,22,21,21,21,21,20,20,20,20,19,19,19,19,19,18,18,18,18,17,17,17,17,16,16,16,16,15,15,15,14,14,14,14,13,13,13,12,12,12,12,11,11,11,10,10,10,9,9,9,8,8,8,7,7,7,6,6,6
61.5%,33,32,32,32,32,32,32,32,31,31,31,31,31,31,31,30,30,30,30,30,30,29,29,29,29,29,29,28,28,28,28,28,28,27,27,27,27,27,27,26,26,26,26,26,25,25,25,25,25,24,24,24,24,24,23,23,23,23,23,22,22,22,22,22,21,21,21,21,20,20,20,20,20,19,19,19,19,18,18,18,18,17,17,17,17,16,16,16,16,15,15,15,14,14,14,14,13,13,13,12,12,12,12,11,11,11,10,10,10,9,9,9,8,8,8,7,7,7,6,6
61.3%,33,33,33,32,32,32,32,32,32,31,31,31,31,31,31,31,30,30,30,30,30,30,29,29,29,29,29,29,28,28,28,28,28,28,27,27,27,27,27,27,26,26,26,26,26,25,25,25,25,25,24,24,24,24,24,23,23,23,23,23,22,22,22,22,22,21,21,21,21,20,20,20,20,20,19,19,19,19,18,18,18,18,17,17,17,17,16,16,16,16,15,15,15,14,14,14,14,13,13,13,12,12,12,12,11,11,11,10,10,10,9,9,9,8,8,8,7,7,7,6
61.2%,33,33,33,33,32,32,32,32,32,32,31,31,31,31,31,31,31,30,30,30,30,30,30,29,29,29,29,29,29,28,28,28,28,28,28,27,27,27,27,27,27,26,26,26,26,26,25,25,25,25,25,24,24,24,24,24,23,23,23,23,23,22,22,22,22,22,21,21,21,21,20,20,20,20,20,19,19,19,19,18,18,18,18,17,17,17,17,16,16,16,16,15,15,15,14,14,14,14,13,13,13,12,12,12,11,11,11,11,10,10,10,9,9,9,8,8,8,7,7,7
61.0%,33,33,33,33,33,32,32,32,32,32,32,32,31,31,31,31,31,31,30,30,30,30,30,30,29,29,29,29,29,29,28,28,28,28,28,28,27,27,27,27,27,27,26,26,26,26,26,25,25,25,25,25,24,24,24,24,24,23,23,23,23,23,22,22,22,22,22,21,21,21,21,20,20,20,20,20,19,19,19,19,18,18,18,18,17,17,17,17,16,16,16,16,15,15,15,14,14,14,14,13,13,13,12,12,12,12,11,11,11,10,10,10,9,9,9,8,8,8,7,7
60.8%,33,33,33,33,33,33,32,32,32,32,32,32,32,31,31,31,31,31,31,30,30,30,30,30,30,30,29,29,29,29,29,29,28,28,28,28,28,27,27,27,27,27,27,26,26,26,26,26,25,25,25,25,25,24,24,24,24,24,23,23,23,23,23,22,22,22,22,22,21,21,21,21,20,20,20,20,20,19,19,19,19,18,18,18,18,17,17,17,17,16,16,16,16,15,15,15,14,14,14,14,13,13,13,12,12,12,11,11,11,11,10,10,10,9,9,9,8,8,8,7
60.7%,33,33,33,33,33,33,33,32,32,32,32,32,32,32,31,31,31,31,31,31,30,30,30,30,30,30,30,29,29,29,29,29,29,28,28,28,28,28,27,27,27,27,27,27,26,26,26,26,26,25,25,25,25,25,25,24,24,24,24,23,23,23,23,23,22,22,22,22,22,21,21,21,21,20,20,20,20,20,19,19,19,19,18,18,18,18,17,17,17,17,16,16,16,16,15,15,15,14,14,14,14,13,13,13,12,12,12,11,11,11,11,10,10,10,9,9,9,8,8,8
60.5%,34,33,33,33,33,33,33,33,32,32,32,32,32,32,32,31,31,31,31,31,31,30,30,30,30,30,30,30,29,29,29,29,29,29,28,28,28,28,28,27,27,27,27,27,27,26,26,26,26,26,25,25,25,25,25,24,24,24,24,24,23,23,23,23,23,22,22,22,22,22,21,21,21,21,20,20,20,20,20,19,19,19,19,18,18,18,18,17,17,17,17,16,16,16,15,15,15,15,14,14,14,14,13,13,13,12,12,12,11,11,11,11,10,10,10,9,9,9,8,8
60.4%,34,34,33,33,33,33,33,33,33,32,32,32,32,32,32,32,31,31,31,31,31,31,31,30,30,30,30,30,30,29,29,29,29,29,29,28,28,28,28,28,28,27,27,27,27,27,26,26,26,26,26,25,25,25,25,25,25,24,24,24,24,23,23,23,23,23,22,22,22,22,22,21,21,21,21,20,20,20,20,20,19,19,19,19,18,18,18,18,17,17,17,17,16,16,16,15,15,15,15,14,14,14,14,13,13,13,12,12,12,11,11,11,10,10,10,10,9,9,9,8
60.2%,34,34,34,33,33,33,33,33,33,33,33,32,32,32,32,32,32,31,31,31,31,31,31,31,30,30,30,30,30,30,29,29,29,29,29,29,28,28,28,28,28,28,27,27,27,27,27,26,26,26,26,26,26,25,25,25,25,25,24,24,24,24,24,23,23,23,23,22,22,22,22,22,21,21,21,21,20,20,20,20,20,19,19,19,19,18,18,18,18,17,17,17,17,16,16,16,15,15,15,15,14,14,14,14,13,13,13,12,12,12,11,11,11,10,10,10,10,9,9,9
60.1%,34,34,34,34,34,33,33,33,33,33,33,33,32,32,32,32,32,32,31,31,31,31,31,31,31,30,30,30,30,30,30,29,29,29,29,29,29,28,28,28,28,28,28,27,27,27,27,27,26,26,26,26,26,26,25,25,25,25,25,24,24,24,24,24,23,23,23,23,22,22,22,22,22,21,21,21,21,20,20,20,20,20,19,19,19,19,18,18,18,18,17,17,17,17,16,16,16,16,15,15,15,14,14,14,14,13,13,13,12,12,12,11,11,11,10,10,10,10,9,9
59.9%,34,34,34,34,34,34,33,33,33,33,33,33,33,32,32,32,32,32,32,31,31,31,31,31,31,31,30,30,30,30,30,30,29,29,29,29,29,29,28,28,28,28,28,28,27,27,27,27,27,26,26,26,26,26,26,25,25,25,25,25,24,24,24,24,24,23,23,23,23,22,22,22,22,22,21,21,21,21,20,20,20,20,20,19,19,19,19,18,18,18,18,17,17,17,17,16,16,16,15,15,15,15,14,14,14,14,13,13,13,12,12,12,11,11,11,10,10,10,9,9
59.7%,34,34,34,34,34,34,34,33,33,33,33,33,33,33,32,32,32,32,32,32,32,31,31,31,31,31,31,30,30,30,30,30,30,29,29,29,29,29,29,28,28,28,28,28,28,27,27,27,27,27,26,26,26,26,26,26,25,25,25,25,25,24,24,24,24,24,23,23,23,23,23,22,22,22,22,21,21,21,21,21,20,20,20,20,19,19,19,19,18,18,18,18,17,17,17,17,16,16,16,15,15,15,15,14,14,14,14,13,13,13,12,12,12,11,11,11,10,10,10,9
59.6%,34,34,34,34,34,34,34,34,33,33,33,33,33,33,33,32,32,32,32,32,32,32,31,31,31,31,31,31,30,30,30,30,30,30,29,29,29,29,29,29,28,28,28,28,28,28,27,27,27,27,27,26,26,26,26,26,26,25,25,25,25,25,24,24,24,24,24,23,23,23,23,22,22,22,22,22,21,21,21,21,20,20,20,20,20,19,19,19,19,18,18,18,18,17,17,17,17,16,16,16,15,15,15,15,14,14,14,13,13,13,13,12,12,12,11,11,11,10,10,10
59.4%,35,35,34,34,34,34,34,34,34,33,33,33,33,33,33,33,32,32,32,32,32,32,32,31,31,31,31,31,31,30,30,30,30,30,30,29,29,29,29,29,29,28,28,28,28,28,28,27,27,27,27,27,26,26,26,26,26,26,25,25,25,25,25,24,24,24,24,24,23,23,23,23,22,22,22,22,22,21,21,21,21,20,20,20,20,20,19,19,19,19,18,18,18,18,17,17,17,17,16,16,16,15,15,15,15,14,14,14,13,13,13,13,12,12,12,11,11,11,10,10
59.3%,35,35,35,34,34,34,34,34,34,34,34,33,33,33,33,33,33,32,32,32,32,32,32,32,31,31,31,31,31,31,30,30,30,30,30,30,30,29,29,29,29,29,29,28,28,28,28,28,27,27,27,27,27,27,26,26,26,26,26,25,25,25,25,25,24,24,24,24,24,23,23,23,23,23,22,22,22,22,21,21,21,21,21,20,20,20,20,19,19,19,19,18,18,18,18,17,17,17,17,16,16,16,15,15,15,15,14,14,14,13,13,13,13,12,12,12,11,11,11,10
59.1%,35,35,35,35,34,34,34,34,34,34,34,34,33,33,33,33,33,33,33,32,32,32,32,32,32,31,31,31,31,31,31,31,30,30,30,30,30,30,29,29,29,29,29,29,28,28,28,28,28,27,27,27,27,27,27,26,26,26,26,26,25,25,25,25,25,24,24,24,24,24,23,23,23,23,23,22,22,22,22,21,21,21,21,21,20,20,20,20,19,19,19,19,18,18,18,18,17,17,17,17,16,16,16,15,15,15,15,14,14,14,13,13,13,13,12,12,12,11,11,11
58.8%,35,35,35,35,35,35,35,34,34,34,34,34,34,34,33,33,33,33,33,33,33,32,32,32,32,32,32,32,31,31,31,31,31,31,30,30,30,30,30,30,29,29,29,29,29,29,28,28,28,28,28,28,27,27,27,27,27,26,26,26,26,26,25,25,25,25,25,24,24,24,24,24,23,23,23,23,23,22,22,22,22,21,21,21,21,21,20,20,20,20,19,19,19,19,18,18,18,18,17,17,17,17,16,16,16,15,15,15,15,14,14,14,13,13,13,13,12,12,12,11
58.5%,36,36,35,35,35,35,35,35,35,34,34,34,34,34,34,34,33,33,33,33,33,33,33,32,32,32,32,32,32,32,31,31,31,31,31,31,30,30,30,30,30,30,29,29,29,29,29,29,28,28,28,28,28,28,27,27,27,27,27,26,26,26,26,26,25,25,25,25,25,24,24,24,24,24,23,23,23,23,23,22,22,22,22,21,21,21,21,21,20,20,20,20,19,19,19,19,18,18,18,18,17,17,17,17,16,16,16,16,15,15,15,14,14,14,13,13,13,13,12,12
58.2%,36,36,36,36,35,35,35,35,35,35,35,35,34,34,34,34,34,34,34,33,33,33,33,33,33,33,32,32,32,32,32,32,31,31,31,31,31,31,31,30,30,30,30,30,30,29,29,29,29,29,28,28,28,28,28,28,27,27,27,27,27,26,26,26,26,26,26,25,25,25,25,25,24,24,24,24,23,23,23,23,23,22,22,22,22,22,21,21,21,21,20,20,20,20,19,19,19,19,18,18,18,18,17,17,17,17,16,16,16,16,15,15,15,14,14,14,13,13,13,13
57.8%,36,36,36,36,36,36,36,35,35,35,35,35,35,35,34,34,34,34,34,34,34,33,33,33,33,33,33,33,32,32,32,32,32,32,32,31,31,31,31,31,31,30,30,30,30,30,30,29,29,29,29,29,29,28,28,28,28,28,27,27,27,27,27,27,26,26,26,26,26,25,25,25,25,25,24,24,24,24,24,23,23,23,23,22,22,22,22,22,21,21,21,21,20,20,20,20,19,19,19,19,18,18,18,18,17,17,17,17,16,16,16,16,15,15,15,14,14,14,14,13
57.5%,37,36,36,36,36,36,36,36,36,35,35,35,35,35,35,35,35,34,34,34,34,34,34,34,33,33,33,33,33,33,33,32,32,32,32,32,32,31,31,31,31,31,31,30,30,30,30,30,30,29,29,29,29,29,29,28,28,28,28,28,28,27,27,27,27,27,26,26,26,26,26,25,25,25,25,25,24,24,24,24,24,23,23,23,23,23,22,22,22,22,21,21,21,21,20,20,20,20,19,19,19,19,19,18,18,18,17,17,17,17,16,16,16,16,15,15,15,14,14,14
57.2%,37,37,37,37,36,36,36,36,36,36,36,36,35,35,35,35,35,35,35,34,34,34,34,34,34,34,33,33,33,33,33,33,33,32,32,32,32,32,32,31,31,31,31,31,31,31,30,30,30,30,30,30,29,29,29,29,29,28,28,28,28,28,28,27,27,27,27,27,26,26,26,26,26,25,25,25,25,25,24,24,24,24,24,23,23,23,23,23,22,22,22,22,21,21,21,21,21,20,20,20,20,19,19,19,19,18,18,18,18,17,17,17,16,16,16,16,15,15,15,14
56.9%,37,37,37,37,37,37,36,36,36,36,36,36,36,36,35,35,35,35,35,35,35,34,34,34,34,34,34,34,33,33,33,33,33,33,33,32,32,32,32,32,32,31,31,31,31,31,31,31,30,30,30,30,30,30,29,29,29,29,29,28,28,28,28,28,28,27,27,27,27,27,26,26,26,26,26,25,25,25,25,25,24,24,24,24,24,23,23,23,23,23,22,22,22,22,21,21,21,21,20,20,20,20,20,19,19,19,18,18,18,18,17,17,17,17,16,16,16,16,15,15
56.6%,37,37,37,37,37,37,37,37,37,36,36,36,36,36,36,36,35,35,35,35,35,35,35,35,34,34,34,34,34,34,34,33,33,33,33,33,33,32,32,32,32,32,32,32,31,31,31,31,31,31,30,30,30,30,30,30,29,29,29,29,29,29,28,28,28,28,28,27,27,27,27,27,27,26,26,26,26,26,25,25,25,25,25,24,24,24,24,23,23,23,23,23,22,22,22,22,21,21,21,21,21,20,20,20,20,19,19,19,19,18,18,18,18,17,17,17,16,16,16,16
56.3%,38,38,38,37,37,37,37,37,37,37,37,36,36,36,36,36,36,36,36,35,35,35,35,35,35,35,34,34,34,34,34,34,34,33,33,33,33,33,33,33,32,32,32,32,32,32,31,31,31,31,31,31,31,30,30,30,30,30,29,29,29,29,29,29,28,28,28,28,28,28,27,27,27,27,27,26,26,26,26,26,25,25,25,25,25,24,24,24,24,24,23,23,23,23,22,22,22,22,22,21,21,21,21,20,20,20,20,19,19,19,19,18,18,18,18,17,17,17,16,16
56.0%,38,38,38,38,38,38,37,37,37,37,37,37,37,37,36,36,36,36,36,36,36,35,35,35,35,35,35,35,34,34,34,34,34,34,34,33,33,33,33,33,33,33,32,32,32,32,32,32,31,31,31,31,31,31,31,30,30,30,30,30,30,29,29,29,29,29,28,28,28,28,28,28,27,27,27,27,27,26,26,26,26,26,25,25,25,25,25,24,24,24,24,24,23,23,23,23,22,22,22,22,22,21,21,21,21,20,20,20,20,19,19,19,19,18,18,18,18,17,17,17
55.7%,38,38,38,38,38,38,38,38,37,37,37,37,37,37,37,37,36,36,36,36,36,36,36,36,35,35,35,35,35,35,35,34,34,34,34,34,34,34,33,33,33,33,33,33,33,32,32,32,32,32,32,31,31,31,31,31,31,30,30,30,30,30,30,29,29,29,29,29,29,28,28,28,28,28,27,27,27,27,27,26,26,26,26,26,25,25,25,25,25,24,24,24,24,24,23,23,23,23,22,22,22,22,22,21,21,21,21,20,20,20,20,19,19,19,19,18,18,18,18,17
55.4%,39,39,38,38,38,38,38,38,38,38,38,37,37,37,37,37,37,37,36,36,36,36,36,36,36,36,35,35,35,35,35,35,35,34,34,34,34,34,34,34,33,33,33,33,33,33,33,32,32,32,32,32,32,31,31,31,31,31,31,30,30,30,30,30,30,29,29,29,29,29,29,28,28,28,28,28,27,27,27,27,27,26,26,26,26,26,25,25,25,25,25,24,24,24,24,24,23,23,23,23,22,22,22,22,22,21,21,21,21,20,20,20,20,19,19,19,19,18,18,18
55.1%,39,39,39,39,39,38,38,38,38,38,38,38,38,37,37,37,37,37,37,37,37,36,36,36,36,36,36,36,36,35,35,35,35,35,35,35,34,34,34,34,34,34,34,33,33,33,33,33,33,32,32,32,32,32,32,32,31,31,31,31,31,31,30,30,30,30,30,30,29,29,29,29,29,28,28,28,28,28,28,27,27,27,27,27,26,26,26,26,26,25,25,25,25,25,24,24,24,24,23,23,23,23,23,22,22,22,22,21,21,21,21,20,20,20,20,19,19,19,19,18
54.9%,39,39,39,39,39,39,39,38,38,38,38,38,38,38,38,38,37,37,37,37,37,37,37,36,36,36,36,36,36,36,36,35,35,35,35,35,35,35,34,34,34,34,34,34,34,33,33,33,33,33,33,32,32,32,32,32,32,32,31,31,31,31,31,31,30,30,30,30,30,30,29,29,29,29,29,28,28,28,28,28,28,27,27,27,27,27,26,26,26,26,26,25,25,25,25,25,24,24,24,24,23,23,23,23,23,22,22,22,22,21,21,21,21,20,20,20,20,19,19,19
54.6%,40,39,39,39,39,39,39,39,39,39,38,38,38,38,38,38,38,38,37,37,37,37,37,37,37,37,36,36,36,36,36,36,36,35,35,35,35,35,35,35,34,34,34,34,34,34,34,33,33,33,33,33,33,33,32,32,32,32,32,32,31,31,31,31,31,31,30,30,30,30,30,30,29,29,29,29,29,28,28,28,28,28,28,27,27,27,27,27,26,26,26,26,26,25,25,25,25,25,24,24,24,24,23,23,23,23,23,22,22,22,22,21,21,21,21,20,20,20,20,19
54.3%,40,40,40,40,39,39,39,39,39,39,39,39,39,38,38,38,38,38,38,38,38,37,37,37,37,37,37,37,36,36,36,36,36,36,36,36,35,35,35,35,35,35,35,34,34,34,34,34,34,34,33,33,33,33,33,33,32,32,32,32,32,32,31,31,31,31,31,31,30,30,30,30,30,30,29,29,29,29,29,29,28,28,28,28,28,27,27,27,27,27,26,26,26,26,26,25,25,25,25,25,24,24,24,24,24,23,23,23,23,22,22,22,22,21,21,21,21,20,20,20
54.0%,40,40,40,40,40,40,39,39,39,39,39,39,39,39,39,38,38,38,38,38,38,38,38,37,37,37,37,37,37,37,37,36,36,36,36,36,36,36,35,35,35,35,35,35,35,34,34,34,34,34,34,34,33,33,33,33,33,33,32,32,32,32,32,32,32,31,31,31,31,31,31,30,30,30,30,30,29,29,29,29,29,29,28,28,28,28,28,27,27,27,27,27,26,26,26,26,26,25,25,25,25,25,24,24,24,24,24,23,23,23,23,22,22,22,22,21,21,21,21,20
53.7%,40,40,40,40,40,40,40,40,40,39,39,39,39,39,39,39,39,38,38,38,38,38,38,38,38,37,37,37,37,37,37,37,37,36,36,36,36,36,36,36,35,35,35,35,35,35,35,34,34,34,34,34,34,34,33,33,33,33,33,33,33,32,32,32,32,32,32,31,31,31,31,31,31,30,30,30,30,30,29,29,29,29,29,29,28,28,28,28,28,27,27,27,27,27,26,26,26,26,26,25,25,25,25,25,24,24,24,24,24,23,23,23,23,22,22,22,22,21,21,21
53.5%,41,41,40,40,40,40,40,40,40,40,40,39,39,39,39,39,39,39,39,39,38,38,38,38,38,38,38,38,37,37,37,37,37,37,37,36,36,36,36,36,36,36,36,35,35,35,35,35,35,35,34,34,34,34,34,34,33,33,33,33,33,33,33,32,32,32,32,32,32,31,31,31,31,31,31,30,30,30,30,30,30,29,29,29,29,29,28,28,28,28,28,27,27,27,27,27,27,26,26,26,26,25,25,25,25,25,24,24,24,24,24,23,23,23,23,22,22,22,22,21
53.2%,41,41,41,41,41,40,40,40,40,40,40,40,40,40,39,39,39,39,39,39,39,39,38,38,38,38,38,38,38,38,37,37,37,37,37,37,37,37,36,36,36,36,36,36,36,35,35,35,35,35,35,35,34,34,34,34,34,34,34,33,33,33,33,33,33,32,32,32,32,32,32,31,31,31,31,31,31,30,30,30,30,30,30,29,29,29,29,29,28,28,28,28,28,28,27,27,27,27,27,26,26,26,26,26,25,25,25,25,24,24,24,24,24,23,23,23,23,22,22,22
52.9%,41,41,41,41,41,41,41,40,40,40,40,40,40,40,40,40,39,39,39,39,39,39,39,39,38,38,38,38,38,38,38,38,37,37,37,37,37,37,37,37,36,36,36,36,36,36,36,35,35,35,35,35,35,35,34,34,34,34,34,34,34,33,33,33,33,33,33,32,32,32,32,32,32,31,31,31,31,31,31,30,30,30,30,30,30,29,29,29,29,29,28,28,28,28,28,28,27,27,27,27,27,26,26,26,26,26,25,25,25,25,24,24,24,24,24,23,23,23,23,22
52.7%,41,41,41,41,41,41,41,41,41,41,40,40,40,40,40,40,40,40,39,39,39,39,39,39,39,39,39,38,38,38,38,38,38,38,38,37,37,37,37,37,37,37,36,36,36,36,36,36,36,35,35,35,35,35,35,35,34,34,34,34,34,34,34,33,33,33,33,33,33,32,32,32,32,32,32,32,31,31,31,31,31,30,30,30,30,30,30,29,29,29,29,29,29,28,28,28,28,28,27,27,27,27,27,26,26,26,26,26,25,25,25,25,24,24,24,24,24,23,23,23
52.4%,42,42,42,41,41,41,41,41,41,41,41,41,40,40,40,40,40,40,40,40,40,39,39,39,39,39,39,39,39,38,38,38,38,38,38,38,38,37,37,37,37,37,37,37,37,36,36,36,36,36,36,36,35,35,35,35,35,35,35,34,34,34,34,34,34,33,33,33,33,33,33,33,32,32,32,32,32,32,31,31,31,31,31,31,30,30,30,30,30,29,29,29,29,29,29,28,28,28,28,28,27,27,27,27,27,26,26,26,26,26,25,25,25,25,25,24,24,24,24,23
52.1%,42,42,42,42,42,42,41,41,41,41,41,41,41,41,41,40,40,40,40,40,40,40,40,39,39,39,39,39,39,39,39,39,38,38,38,38,38,38,38,37,37,37,37,37,37,37,37,36,36,36,36,36,36,36,35,35,35,35,35,35,35,34,34,34,34,34,34,34,33,33,33,33,33,33,32,32,32,32,32,32,31,31,31,31,31,31,30,30,30,30,30,30,29,29,29,29,29,28,28,28,28,28,27,27,27,27,27,26,26,26,26,26,25,25,25,25,25,24,24,24
51.9%,42,42,42,42,42,42,42,42,41,41,41,41,41,41,41,41,41,40,40,40,40,40,40,40,40,39,39,39,39,39,39,39,39,38,38,38,38,38,38,38,38,37,37,37,37,37,37,37,37,36,36,36,36,36,36,36,35,35,35,35,35,35,35,34,34,34,34,34,34,34,33,33,33,33,33,33,32,32,32,32,32,32,31,31,31,31,31,31,30,30,30,30,30,29,29,29,29,29,29,28,28,28,28,28,27,27,27,27,27,26,26,26,26,26,25,25,25,25,24,24
51.7%,42,42,42,42,42,42,42,42,42,42,41,41,41,41,41,41,41,41,41,40,40,40,40,40,40,40,40,40,39,39,39,39,39,39,39,39,38,38,38,38,38,38,38,38,37,37,37,37,37,37,37,36,36,36,36,36,36,36,35,35,35,35,35,35,35,34,34,34,34,34,34,34,33,33,33,33,33,33,32,32,32,32,32,32,31,31,31,31,31,31,30,30,30,30,30,30,29,29,29,29,29,28,28,28,28,28,27,27,27,27,27,26,26,26,26,26,25,25,25,25
51.4%,43,43,43,42,42,42,42,42,42,42,42,42,42,41,41,41,41,41,41,41,41,41,40,40,40,40,40,40,40,40,39,39,39,39,39,39,39,39,38,38,38,38,38,38,38,38,37,37,37,37,37,37,37,37,36,36,36,36,36,36,36,35,35,35,35,35,35,35,34,34,34,34,34,34,33,33,33,33,33,33,32,32,32,32,32,32,32,31,31,31,31,31,30,30,30,30,30,30,29,29,29,29,29,28,28,28,28,28,27,27,27,27,27,26,26,26,26,26,25,25
51.2%,43,43,43,43,43,42,42,42,42,42,42,42,42,42,42,41,41,41,41,41,41,41,41,41,40,40,40,40,40,40,40,40,39,39,39,39,39,39,39,39,38,38,38,38,38,38,38,38,37,37,37,37,37,37,37,37,36,36,36,36,36,36,36,35,35,35,35,35,35,35,34,34,34,34,34,34,33,33,33,33,33,33,32,32,32,32,32,32,31,31,31,31,31,31,30,30,30,30,30,30,29,29,29,29,29,28,28,28,28,28,27,27,27,27,27,26,26,26,26,26
50.9%,43,43,43,43,43,43,43,43,42,42,42,42,42,42,42,42,42,41,41,41,41,41,41,41,41,41,40,40,40,40,40,40,40,40,40,39,39,39,39,39,39,39,39,38,38,38,38,38,38,38,38,37,37,37,37,37,37,37,36,36,36,36,36,36,36,35,35,35,35,35,35,35,34,34,34,34,34,34,33,33,33,33,33,33,33,32,32,32,32,32,32,31,31,31,31,31,30,30,30,30,30,30,29,29,29,29,29,28,28,28,28,28,27,27,27,27,27,26,26,26
50.7%,43,43,43,43,43,43,43,43,43,43,43,42,42,42,42,42,42,42,42,42,41,41,41,41,41,41,41,41,41,40,40,40,40,40,40,40,40,39,39,39,39,39,39,39,39,38,38,38,38,38,38,38,38,37,37,37,37,37,37,37,36,36,36,36,36,36,36,36,35,35,35,35,35,35,34,34,34,34,34,34,34,33,33,33,33,33,33,32,32,32,32,32,32,31,31,31,31,31,31,30,30,30,30,30,29,29,29,29,29,29,28,28,28,28,28,27,27,27,27,27
50.4%,44,44,44,43,43,43,43,43,43,43,43,43,43,42,42,42,42,42,42,42,42,42,41,41,41,41,41,41,41,41,41,40,40,40,40,40,40,40,40,39,39,39,39,39,39,39,39,38,38,38,38,38,38,38,38,37,37,37,37,37,37,37,36,36,36,36,36,36,36,36,35,35,35,35,35,35,34,34,34,34,34,34,34,33,33,33,33,33,33,32,32,32,32,32,32,31,31,31,31,31,31,30,30,30,30,30,29,29,29,29,29,28,28,28,28,28,27,27,27,27
50.2%,44,44,44,44,44,44,43,43,43,43,43,43,43,43,43,43,42,42,42,42,42,42,42,42,42,41,41,41,41,41,41,41,41,41,40,40,40,40,40,40,40,40,39,39,39,39,39,39,39,39,38,38,38,38,38,38,38,38,37,37,37,37,37,37,37,36,36,36,36,36,36,36,35,35,35,35,35,35,35,34,34,34,34,34,34,33,33,33,33,33,33,32,32,32,32,32,32,31,31,31,31,31,31,30,30,30,30,30,29,29,29,29,29,29,28,28,28,28,28,27
50.0%,44,44,44,44,44,44,44,44,43,43,43,43,43,43,43,43,43,43,42,42,42,42,42,42,42,42,42,41,41,41,41,41,41,41,41,41,40,40,40,40,40,40,40,40,39,39,39,39,39,39,39,39,38,38,38,38,38,38,38,38,37,37,37,37,37,37,37,36,36,36,36,36,36,36,35,35,35,35,35,35,35,34,34,34,34,34,34,33,33,33,33,33,33,32,32,32,32,32,32,31,31,31,31,31,31,30,30,30,30,30,29,29,29,29,29,29,28,28,28,28
49.8%,44,44,44,44,44,44,44,44,44,44,43,43,43,43,43,43,43,43,43,43,42,42,42,42,42,42,42,42,42,41,41,41,41,41,41,41,41,41,40,40,40,40,40,40,40,40,39,39,39,39,39,39,39,39,38,38,38,38,38,38,38,38,37,37,37,37,37,37,37,36,36,36,36,36,36,36,35,35,35,35,35,35,35,34,34,34,34,34,34,33,33,33,33,33,33,32,32,32,32,32,32,31,31,31,31,31,31,30,30,30,30,30,29,29,29,29,29,28,28,28
49.5%,45,45,45,44,44,44,44,44,44,44,44,44,44,43,43,43,43,43,43,43,43,43,43,42,42,42,42,42,42,42,42,42,41,41,41,41,41,41,41,41,40,40,40,40,40,40,40,40,40,39,39,39,39,39,39,39,39,38,38,38,38,38,38,38,37,37,37,37,37,37,37,36,36,36,36,36,36,36,35,35,35,35,35,35,35,34,34,34,34,34,34,34,33,33,33,33,33,33,32,32,32,32,32,32,31,31,31,31,31,30,30,30,30,30,30,29,29,29,29,29
49.3%,45,45,45,45,45,44,44,44,44,44,44,44,44,44,44,43,43,43,43,43,43,43,43,43,43,42,42,42,42,42,42,42,42,42,41,41,41,41,41,41,41,41,40,40,40,40,40,40,40,40,40,39,39,39,39,39,39,39,39,38,38,38,38,38,38,38,37,37,37,37,37,37,37,37,36,36,36,36,36,36,35,35,35,35,35,35,35,34,34,34,34,34,34,34,33,33,33,33,33,33,32,32,32,32,32,31,31,31,31,31,31,30,30,30,30,30,29,29,29,29
49.1%,45,45,45,45,45,45,45,44,44,44,44,44,44,44,44,44,44,43,43,43,43,43,43,43,43,43,43,42,42,42,42,42,42,42,42,42,41,41,41,41,41,41,41,41,41,40,40,40,40,40,40,40,40,39,39,39,39,39,39,39,39,38,38,38,38,38,38,38,37,37,37,37,37,37,37,37,36,36,36,36,36,36,36,35,35,35,35,35,35,34,34,34,34,34,34,33,33,33,33,33,33,33,32,32,32,32,32,31,31,31,31,31,31,30,30,30,30,30,29,29
48.8%,45,45,45,45,45,45,45,45,45,45,44,44,44,44,44,44,44,44,44,44,43,43,43,43,43,43,43,43,43,43,42,42,42,42,42,42,42,42,42,41,41,41,41,41,41,41,41,40,40,40,40,40,40,40,40,40,39,39,39,39,39,39,39,38,38,38,38,38,38,38,38,37,37,37,37,37,37,37,36,36,36,36,36,36,36,35,35,35,35,35,35,35,34,34,34,34,34,34,33,33,33,33,33,33,32,32,32,32,32,32,31,31,31,31,31,30,30,30,30,30
48.6%,46,46,45,45,45,45,45,45,45,45,45,45,44,44,44,44,44,44,44,44,44,44,43,43,43,43,43,43,43,43,43,43,42,42,42,42,42,42,42,42,42,41,41,41,41,41,41,41,41,40,40,40,40,40,40,40,40,40,39,39,39,39,39,39,39,39,38,38,38,38,38,38,38,37,37,37,37,37,37,37,36,36,36,36,36,36,36,35,35,35,35,35,35,35,34,34,34,34,34,34,33,33,33,33,33,33,32,32,32,32,32,32,31,31,31,31,31,30,30,30
48.4%,46,46,46,46,45,45,45,45,45,45,45,45,45,45,45,44,44,44,44,44,44,44,44,44,44,43,43,43,43,43,43,43,43,43,42,42,42,42,42,42,42,42,42,41,41,41,41,41,41,41,41,41,40,40,40,40,40,40,40,40,39,39,39,39,39,39,39,39,38,38,38,38,38,38,38,37,37,37,37,37,37,37,36,36,36,36,36,36,36,35,35,35,35,35,35,35,34,34,34,34,34,34,33,33,33,33,33,33,32,32,32,32,32,32,31,31,31,31,31,30
48.2%,46,46,46,46,46,46,46,45,45,45,45,45,45,45,45,45,45,44,44,44,44,44,44,44,44,44,44,43,43,43,43,43,43,43,43,43,42,42,42,42,42,42,42,42,42,41,41,41,41,41,41,41,41,41,40,40,40,40,40,40,40,40,39,39,39,39,39,39,39,39,38,38,38,38,38,38,38,37,37,37,37,37,37,37,36,36,36,36,36,36,36,35,35,35,35,35,35,35,34,34,34,34,34,34,33,33,33,33,33,33,32,32,32,32,32,32,31,31,31,31
47.9%,46,46,46,46,46,46,46,46,46,45,45,45,45,45,45,45,45,45,45,44,44,44,44,44,44,44,44,44,44,43,43,43,43,43,43,43,43,43,43,42,42,42,42,42,42,42,42,42,41,41,41,41,41,41,41,41,40,40,40,40,40,40,40,40,39,39,39,39,39,39,39,39,38,38,38,38,38,38,38,37,37,37,37,37,37,37,37,36,36,36,36,36,36,35,35,35,35,35,35,35,34,34,34,34,34,34,33,33,33,33,33,33,32,32,32,32,32,32,31,31
47.7%,46,46,46,46,46,46,46,46,46,46,46,45,45,45,45,45,45,45,45,45,45,45,44,44,44,44,44,44,44,44,44,43,43,43,43,43,43,43,43,43,43,42,42,42,42,42,42,42,42,42,41,41,41,41,41,41,41,41,40,40,40,40,40,40,40,40,39,39,39,39,39,39,39,39,38,38,38,38,38,38,38,38,37,37,37,37,37,37,37,36,36,36,36,36,36,35,35,35,35,35,35,35,34,34,34,34,34,34,33,33,33,33,33,33,32,32,32,32,32,32
47.5%,47,47,47,46,46,46,46,46,46,46,46,46,46,46,45,45,45,45,45,45,45,45,45,45,44,44,44,44,44,44,44,44,44,44,43,43,43,43,43,43,43,43,43,42,42,42,42,42,42,42,42,42,41,41,41,41,41,41,41,41,40,40,40,40,40,40,40,40,40,39,39,39,39,39,39,39,38,38,38,38,38,38,38,38,37,37,37,37,37,37,37,36,36,36,36,36,36,36,35,35,35,35,35,35,34,34,34,34,34,34,33,33,33,33,33,33,32,32,32,32
47.3%,47,47,47,47,47,46,46,46,46,46,46,46,46,46,46,46,45,45,45,45,45,45,45,45,45,45,44,44,44,44,44,44,44,44,44,44,43,43,43,43,43,43,43,43,43,42,42,42,42,42,42,42,42,42,41,41,41,41,41,41,41,41,41,40,40,40,40,40,40,40,40,39,39,39,39,39,39,39,38,38,38,38,38,38,38,38,37,37,37,37,37,37,37,36,36,36,36,36,36,36,35,35,35,35,35,35,34,34,34,34,34,34,33,33,33,33,33,33,32,32
47.1%,47,47,47,47,47,47,47,47,46,46,46,46,46,46,46,46,46,46,45,45,45,45,45,45,45,45,45,45,45,44,44,44,44,44,44,44,44,44,43,43,43,43,43,43,43,43,43,43,42,42,42,42,42,42,42,42,42,41,41,41,41,41,41,41,41,40,40,40,40,40,40,40,40,39,39,39,39,39,39,39,39,38,38,38,38,38,38,38,37,37,37,37,37,37,37,36,36,36,36,36,36,36,35,35,35,35,35,35,34,34,34,34,34,34,33,33,33,33,33,33
46.9%,47,47,47,47,47,47,47,47,47,47,46,46,46,46,46,46,46,46,46,46,46,45,45,45,45,45,45,45,45,45,45,44,44,44,44,44,44,44,44,44,44,43,43,43,43,43,43,43,43,43,42,42,42,42,42,42,42,42,42,41,41,41,41,41,41,41,41,40,40,40,40,40,40,40,40,39,39,39,39,39,39,39,39,38,38,38,38,38,38,38,37,37,37,37,37,37,37,36,36,36,36,36,36,36,35,35,35,35,35,35,34,34,34,34,34,34,34,33,33,33
46.7%,47,47,47,47,47,47,47,47,47,47,47,47,47,46,46,46,46,46,46,46,46,46,46,45,45,45,45,45,45,45,45,45,45,44,44,44,44,44,44,44,44,44,44,43,43,43,43,43,43,43,43,43,42,42,42,42,42,42,42,42,42,41,41,41,41,41,41,41,41,40,40,40,40,40,40,40,40,39,39,39,39,39,39,39,39,38,38,38,38,38,38,38,37,37,37,37,37,37,37,36,36,36,36,36,36,36,35,35,35,35,35,35,35,34,34,34,34,34,34,33
46.5%,48,48,48,48,47,47,47,47,47,47,47,47,47,47,47,46,46,46,46,46,46,46,46,46,46,46,45,45,45,45,45,45,45,45,45,45,44,44,44,44,44,44,44,44,44,43,43,43,43,43,43,43,43,43,43,42,42,42,42,42,42,42,42,41,41,41,41,41,41,41,41,41,40,40,40,40,40,40,40,40,39,39,39,39,39,39,39,38,38,38,38,38,38,38,38,37,37,37,37,37,37,37,36,36,36,36,36,36,35,35,35,35,35,35,35,34,34,34,34,34
46.3%,48,48,48,48,48,48,47,47,47,47,47,47,47,47,47,47,47,46,46,46,46,46,46,46,46,46,46,46,45,45,45,45,45,45,45,45,45,45,44,44,44,44,44,44,44,44,44,43,43,43,43,43,43,43,43,43,42,42,42,42,42,42,42,42,42,41,41,41,41,41,41,41,41,40,40,40,40,40,40,40,40,39,39,39,39,39,39,39,39,38,38,38,38,38,38,38,37,37,37,37,37,37,37,36,36,36,36,36,36,36,35,35,35,35,35,35,34,34,34,34
46.1%,48,48,48,48,48,48,48,48,47,47,47,47,47,47,47,47,47,47,47,46,46,46,46,46,46,46,46,46,46,46,45,45,45,45,45,45,45,45,45,45,44,44,44,44,44,44,44,44,44,44,43,43,43,43,43,43,43,43,43,42,42,42,42,42,42,42,42,41,41,41,41,41,41,41,41,41,40,40,40,40,40,40,40,40,39,39,39,39,39,39,39,38,38,38,38,38,38,38,38,37,37,37,37,37,37,36,36,36,36,36,36,36,35,35,35,35,35,35,34,34
45.9%,48,48,48,48,48,48,48,48,48,48,48,47,47,47,47,47,47,47,47,47,47,47,46,46,46,46,46,46,46,46,46,46,45,45,45,45,45,45,45,45,45,45,44,44,44,44,44,44,44,44,44,44,43,43,43,43,43,43,43,43,43,42,42,42,42,42,42,42,42,42,41,41,41,41,41,41,41,41,40,40,40,40,40,40,40,40,39,39,39,39,39,39,39,39,38,38,38,38,38,38,38,37,37,37,37,37,37,37,36,36,36,36,36,36,35,35,35,35,35,35
45.7%,49,49,48,48,48,48,48,48,48,48,48,48,48,47,47,47,47,47,47,47,47,47,47,47,46,46,46,46,46,46,46,46,46,46,46,45,45,45,45,45,45,45,45,45,45,44,44,44,44,44,44,44,44,44,43,43,43,43,43,43,43,43,43,43,42,42,42,42,42,42,42,42,41,41,41,41,41,41,41,41,40,40,40,40,40,40,40,40,39,39,39,39,39,39,39,39,38,38,38,38,38,38,38,37,37,37,37,37,37,37,36,36,36,36,36,36,36,35,35,35
45.5%,49,49,49,49,48,48,48,48,48,48,48,48,48,48,48,47,47,47,47,47,47,47,47,47,47,47,46,46,46,46,46,46,46,46,46,46,46,45,45,45,45,45,45,45,45,45,45,44,44,44,44,44,44,44,44,44,43,43,43,43,43,43,43,43,43,42,42,42,42,42,42,42,42,42,41,41,41,41,41,41,41,41,40,40,40,40,40,40,40,40,39,39,39,39,39,39,39,39,38,38,38,38,38,38,38,37,37,37,37,37,37,37,36,36,36,36,36,36,35,35
45.3%,49,49,49,49,49,49,48,48,48,48,48,48,48,48,48,48,48,48,47,47,47,47,47,47,47,47,47,47,47,46,46,46,46,46,46,46,46,46,46,45,45,45,45,45,45,45,45,45,45,44,44,44,44,44,44,44,44,44,44,43,43,43,43,43,43,43,43,43,42,42,42,42,42,42,42,42,41,41,41,41,41,41,41,41,41,40,40,40,40,40,40,40,39,39,39,39,39,39,39,39,38,38,38,38,38,38,38,37,37,37,37,37,37,37,36,36,36,36,36,36
45.1%,49,49,49,49,49,49,49,49,49,48,48,48,48,48,48,48,48,48,48,48,47,47,47,47,47,47,47,47,47,47,47,46,46,46,46,46,46,46,46,46,46,46,45,45,45,45,45,45,45,45,45,45,44,44,44,44,44,44,44,44,44,43,43,43,43,43,43,43,43,43,42,42,42,42,42,42,42,42,42,41,41,41,41,41,41,41,41,40,40,40,40,40,40,40,40,39,39,39,39,39,39,39,38,38,38,38,38,38,38,37,37,37,37,37,37,37,36,36,36,36
44.9%,49,49,49,49,49,49,49,49,49,49,49,48,48,48,48,48,48,48,48,48,48,48,47,47,47,47,47,47,47,47,47,47,47,46,46,46,46,46,46,46,46,46,46,46,45,45,45,45,45,45,45,45,45,45,44,44,44,44,44,44,44,44,44,43,43,43,43,43,43,43,43,43,42,42,42,42,42,42,42,42,42,41,41,41,41,41,41,41,41,40,40,40,40,40,40,40,40,39,39,39,39,39,39,39,38,38,38,38,38,38,38,37,37,37,37,37,37,37,36,36
44.7%,49,49,49,49,49,49,49,49,49,49,49,49,49,48,48,48,48,48,48,48,48,48,48,48,48,47,47,47,47,47,47,47,47,47,47,47,46,46,46,46,46,46,46,46,46,46,45,45,45,45,45,45,45,45,45,45,44,44,44,44,44,44,44,44,44,43,43,43,43,43,43,43,43,43,42,42,42,42,42,42,42,42,42,41,41,41,41,41,41,41,41,40,40,40,40,40,40,40,40,39,39,39,39,39,39,39,38,38,38,38,38,38,38,37,37,37,37,37,37,37
44.5%,50,50,50,49,49,49,49,49,49,49,49,49,49,49,49,48,48,48,48,48,48,48,48,48,48,48,48,47,47,47,47,47,47,47,47,47,47,47,46,46,46,46,46,46,46,46,46,46,45,45,45,45,45,45,45,45,45,45,44,44,44,44,44,44,44,44,44,43,43,43,43,43,43,43,43,43,42,42,42,42,42,42,42,42,42,41,41,41,41,41,41,41,41,40,40,40,40,40,40,40,40,39,39,39,39,39,39,39,38,38,38,38,38,38,38,37,37,37,37,37
44.3%,50,50,50,50,50,50,49,49,49,49,49,49,49,49,49,49,49,49,48,48,48,48,48,48,48,48,48,48,48,47,47,47,47,47,47,47,47,47,47,47,46,46,46,46,46,46,46,46,46,46,46,45,45,45,45,45,45,45,45,45,44,44,44,44,44,44,44,44,44,44,43,43,43,43,43,43,43,43,43,42,42,42,42,42,42,42,42,41,41,41,41,41,41,41,41,40,40,40,40,40,40,40,40,39,39,39,39,39,39,39,38,38,38,38,38,38,38,38,37,37
